SOC4820,卒業論文演習１,野呂　芳明,春・水・３ 6409,/timetable/slbssbdr.do?value(risyunen)=2017&value(semekikn)=1&value(kougicd)=DA564&value(crclumcd)=
SOC4820,卒業論文演習１,西山　志保,春・水・３ 9203,/timetable/slbssbdr.do?value(risyunen)=2017&value(semekikn)=1&value(kougicd)=DA571&value(crclumcd)=
CCS4820,卒業論文演習１,葉山　茂,春・水・３ 9204,/timetable/slbssbdr.do?value(risyunen)=2017&value(semekikn)=1&value(kougicd)=DD567&value(crclumcd)=
SOC4820,卒業論文演習２,野呂　芳明,秋・水・３ 6409,/timetable/slbssbdr.do?value(risyunen)=2017&value(semekikn)=1&value(kougicd)=DA584&value(crclumcd)=
SOC4820,卒業論文演習２,山崎　正枝,秋・水・３ 9203,/timetable/slbssbdr.do?value(risyunen)=2017&value(semekikn)=1&value(kougicd)=DA591&value(crclumcd)=
CCS4820,卒業論文演習２,葉山　茂,秋・水・３ 9204,/timetable/slbssbdr.do?value(risyunen)=2017&value(semekikn)=1&value(kougicd)=DD587&value(crclumcd)=
SOX2210,都市社会論,高木　恒一,秋・水・３ D201,/timetable/slbssbdr.do?value(risyunen)=2017&value(semekikn)=1&value(kougicd)=DK142&value(crclumcd)=
SOX2210,文化の社会理論,阿部　珠理,春・水・３ D301,/timetable/slbssbdr.do?value(risyunen)=2017&value(semekikn)=1&value(kougicd)=DD146&value(crclumcd)=
SOX2210,文化の社会理論,阿部　珠理,春・水・３ D301,/timetable/slbssbdr.do?value(risyunen)=2017&value(semekikn)=1&value(kougicd)=DK141&value(crclumcd)=
SOX2410,文化表象論,大坪　裕幸,春・水・３ A203,/timetable/slbssbdr.do?value(risyunen)=2017&value(semekikn)=1&value(kougicd)=DK170&value(crclumcd)=
SOX2540,フィールド実習,中溝　一仁,秋・水・３ 9202,/timetable/slbssbdr.do?value(risyunen)=2017&value(semekikn)=1&value(kougicd)=DK226&value(crclumcd)=
SOX2540,フィールド実習,池上　賢,秋・水・３ 9206,/timetable/slbssbdr.do?value(risyunen)=2017&value(semekikn)=1&value(kougicd)=DK230&value(crclumcd)=
SOX2540,フィールド実習,田辺　龍,秋・水・３ 5508,/timetable/slbssbdr.do?value(risyunen)=2017&value(semekikn)=1&value(kougicd)=DK232&value(crclumcd)=
CCS3210,民族文化誌,阿部　珠理,秋・水・３ D401,/timetable/slbssbdr.do?value(risyunen)=2017&value(semekikn)=1&value(kougicd)=DD246&value(crclumcd)=
CMS2020,Reading Sociology in English,林　怡蕿,春・水・３ 9201,/timetable/slbssbdr.do?value(risyunen)=2017&value(semekikn)=1&value(kougicd)=DE295&value(crclumcd)=
CMS3110,リスク・コミュニケーション論,長坂　俊成,春・水・３ 8304,/timetable/slbssbdr.do?value(risyunen)=2017&value(semekikn)=1&value(kougicd)=DE438&value(crclumcd)=
CMS3110,視覚文化論,深川　雅文,秋・水・４ 5323,/timetable/slbssbdr.do?value(risyunen)=2017&value(semekikn)=1&value(kougicd)=DE443&value(crclumcd)=
SOX3460,職業選択・キャリア形成論,河野　志穂,春・水・４ 8101,/timetable/slbssbdr.do?value(risyunen)=2017&value(semekikn)=1&value(kougicd)=DK182&value(crclumcd)=
CCS3620,専門演習２,葉山　茂,通年・水・４ 9204,/timetable/slbssbdr.do?value(risyunen)=2017&value(semekikn)=1&value(kougicd)=DD387&value(crclumcd)=
CCS4820,卒業論文演習１,阿部　珠理,春・水・４ X108,/timetable/slbssbdr.do?value(risyunen)=2017&value(semekikn)=1&value(kougicd)=DD561&value(crclumcd)=
CCS4820,卒業論文演習２,阿部　珠理,秋・水・４ X108,/timetable/slbssbdr.do?value(risyunen)=2017&value(semekikn)=1&value(kougicd)=DD581&value(crclumcd)=
SOX2540,フィールド実習,田北　康成,秋・水・４ 4255,/timetable/slbssbdr.do?value(risyunen)=2017&value(semekikn)=1&value(kougicd)=DK234&value(crclumcd)=
CMS3430,メディア・ジャーナリズム実習応用,内野　雅一,秋・水・４ D402,/timetable/slbssbdr.do?value(risyunen)=2017&value(semekikn)=1&value(kougicd)=DE212&value(crclumcd)=
CMS3210,若者とメディア,宇野　常寛,秋・水・４ 8101,/timetable/slbssbdr.do?value(risyunen)=2017&value(semekikn)=1&value(kougicd)=DE504&value(crclumcd)=
CMS3210,若者とメディア,宇野　常寛,秋・水・４ 8101,/timetable/slbssbdr.do?value(risyunen)=2017&value(semekikn)=1&value(kougicd)=DE511&value(crclumcd)=
SOX2110,現代社会論,小山　裕,秋・水・５ MB01,/timetable/slbssbdr.do?value(risyunen)=2017&value(semekikn)=1&value(kougicd)=DK131&value(crclumcd)=
SOX3430,社会学古典文献講読,赤川　学,秋・水・５ 6408,/timetable/slbssbdr.do?value(risyunen)=2017&value(semekikn)=1&value(kougicd)=DK189&value(crclumcd)=
,卒業研究１,李　旼珍吉澤　夏子,春・水・６ X202,/timetable/slbssbdr.do?value(risyunen)=2017&value(semekikn)=1&value(kougicd)=DA712&value(crclumcd)=
,卒業研究１,李　旼珍吉澤　夏子,春・水・６ X202,/timetable/slbssbdr.do?value(risyunen)=2017&value(semekikn)=1&value(kougicd)=DA713&value(crclumcd)=
,卒業研究１,李　旼珍吉澤　夏子,春・水・６ X202,/timetable/slbssbdr.do?value(risyunen)=2017&value(semekikn)=1&value(kougicd)=DA714&value(crclumcd)=
,卒業研究１,李　旼珍吉澤　夏子,春・水・６ X202,/timetable/slbssbdr.do?value(risyunen)=2017&value(semekikn)=1&value(kougicd)=DA715&value(crclumcd)=
,卒業研究１,李　旼珍吉澤　夏子,春・水・６ X202,/timetable/slbssbdr.do?value(risyunen)=2017&value(semekikn)=1&value(kougicd)=DA723&value(crclumcd)=
,卒業研究１,李　旼珍吉澤　夏子,春・水・６ X202,/timetable/slbssbdr.do?value(risyunen)=2017&value(semekikn)=1&value(kougicd)=DA724&value(crclumcd)=
,卒業研究１,李　旼珍吉澤　夏子,春・水・６ X202,/timetable/slbssbdr.do?value(risyunen)=2017&value(semekikn)=1&value(kougicd)=DA725&value(crclumcd)=
,卒業研究１,李　旼珍吉澤　夏子,春・水・６ X202,/timetable/slbssbdr.do?value(risyunen)=2017&value(semekikn)=1&value(kougicd)=DA734&value(crclumcd)=
,卒業研究１,李　旼珍吉澤　夏子,春・水・６ X202,/timetable/slbssbdr.do?value(risyunen)=2017&value(semekikn)=1&value(kougicd)=DA735&value(crclumcd)=
,卒業研究１,李　旼珍吉澤　夏子,春・水・６ X202,/timetable/slbssbdr.do?value(risyunen)=2017&value(semekikn)=1&value(kougicd)=DA745&value(crclumcd)=
SOC4900,卒業研究１,李　旼珍吉澤　夏子,春・水・６ X202,/timetable/slbssbdr.do?value(risyunen)=2017&value(semekikn)=1&value(kougicd)=DA755&value(crclumcd)=
,卒業研究１,小泉　元宏貞包　英之,春・水・６ X207,/timetable/slbssbdr.do?value(risyunen)=2017&value(semekikn)=1&value(kougicd)=DD713&value(crclumcd)=
,卒業研究１,小泉　元宏貞包　英之,春・水・６ X207,/timetable/slbssbdr.do?value(risyunen)=2017&value(semekikn)=1&value(kougicd)=DD724&value(crclumcd)=
CCS4900,卒業研究１,小泉　元宏貞包　英之,春・水・６ X207,/timetable/slbssbdr.do?value(risyunen)=2017&value(semekikn)=1&value(kougicd)=DD755&value(crclumcd)=
,卒業研究１,生井　英考,春・水・６ X201,/timetable/slbssbdr.do?value(risyunen)=2017&value(semekikn)=1&value(kougicd)=DE712&value(crclumcd)=
CMS4900,卒業研究１,生井　英考,春・水・６ X201,/timetable/slbssbdr.do?value(risyunen)=2017&value(semekikn)=1&value(kougicd)=DE755&value(crclumcd)=
,卒業研究２,小倉　康嗣野呂　芳明,秋・水・６ X202,/timetable/slbssbdr.do?value(risyunen)=2017&value(semekikn)=1&value(kougicd)=DA812&value(crclumcd)=
,卒業研究２,小倉　康嗣野呂　芳明,秋・水・６ X202,/timetable/slbssbdr.do?value(risyunen)=2017&value(semekikn)=1&value(kougicd)=DA813&value(crclumcd)=
,卒業研究２,小倉　康嗣野呂　芳明,秋・水・６ X202,/timetable/slbssbdr.do?value(risyunen)=2017&value(semekikn)=1&value(kougicd)=DA814&value(crclumcd)=
,卒業研究２,小倉　康嗣野呂　芳明,秋・水・６ X202,/timetable/slbssbdr.do?value(risyunen)=2017&value(semekikn)=1&value(kougicd)=DA815&value(crclumcd)=
,卒業研究２,小倉　康嗣野呂　芳明,秋・水・６ X202,/timetable/slbssbdr.do?value(risyunen)=2017&value(semekikn)=1&value(kougicd)=DA823&value(crclumcd)=
,卒業研究２,小倉　康嗣野呂　芳明,秋・水・６ X202,/timetable/slbssbdr.do?value(risyunen)=2017&value(semekikn)=1&value(kougicd)=DA824&value(crclumcd)=
,卒業研究２,小倉　康嗣野呂　芳明,秋・水・６ X202,/timetable/slbssbdr.do?value(risyunen)=2017&value(semekikn)=1&value(kougicd)=DA825&value(crclumcd)=
,卒業研究２,小倉　康嗣野呂　芳明,秋・水・６ X202,/timetable/slbssbdr.do?value(risyunen)=2017&value(semekikn)=1&value(kougicd)=DA834&value(crclumcd)=
,卒業研究２,小倉　康嗣野呂　芳明,秋・水・６ X202,/timetable/slbssbdr.do?value(risyunen)=2017&value(semekikn)=1&value(kougicd)=DA835&value(crclumcd)=
,卒業研究２,小倉　康嗣野呂　芳明,秋・水・６ X202,/timetable/slbssbdr.do?value(risyunen)=2017&value(semekikn)=1&value(kougicd)=DA845&value(crclumcd)=
SOC4900,卒業研究２,小倉　康嗣野呂　芳明,秋・水・６ X202,/timetable/slbssbdr.do?value(risyunen)=2017&value(semekikn)=1&value(kougicd)=DA855&value(crclumcd)=
,卒業研究２,小泉　元宏貞包　英之,秋・水・６ X207,/timetable/slbssbdr.do?value(risyunen)=2017&value(semekikn)=1&value(kougicd)=DD813&value(crclumcd)=
,卒業研究２,小泉　元宏貞包　英之,秋・水・６ X207,/timetable/slbssbdr.do?value(risyunen)=2017&value(semekikn)=1&value(kougicd)=DD824&value(crclumcd)=
CCS4900,卒業研究２,小泉　元宏貞包　英之,秋・水・６ X207,/timetable/slbssbdr.do?value(risyunen)=2017&value(semekikn)=1&value(kougicd)=DD855&value(crclumcd)=
,卒業研究２,和田　伸一郎,秋・水・６ X201,/timetable/slbssbdr.do?value(risyunen)=2017&value(semekikn)=1&value(kougicd)=DE834&value(crclumcd)=
CMS4900,卒業研究２,和田　伸一郎,秋・水・６ X201,/timetable/slbssbdr.do?value(risyunen)=2017&value(semekikn)=1&value(kougicd)=DE855&value(crclumcd)=
SOX3410,現代社会研究Ｆ,横山　智哉,秋・木・１ X102,/timetable/slbssbdr.do?value(risyunen)=2017&value(semekikn)=1&value(kougicd)=DK191&value(crclumcd)=
SOX2510,社会統計学,廣瀬　毅士,秋・木・１ 6206,/timetable/slbssbdr.do?value(risyunen)=2017&value(semekikn)=1&value(kougicd)=DK242&value(crclumcd)=
CMS3110,出版産業論,米田　綱路,春・木・１ 4402,/timetable/slbssbdr.do?value(risyunen)=2017&value(semekikn)=1&value(kougicd)=DE442&value(crclumcd)=
CMS3110,出版産業論,米田　綱路,春・木・１ 4402,/timetable/slbssbdr.do?value(risyunen)=2017&value(semekikn)=1&value(kougicd)=DE444&value(crclumcd)=
SOX1020,基礎演習,林　怡蕿,秋・木・２ X205,/timetable/slbssbdr.do?value(risyunen)=2017&value(semekikn)=1&value(kougicd)=DK081&value(crclumcd)=
SOX1020,基礎演習,井手口　彰典,秋・木・２ 5206,/timetable/slbssbdr.do?value(risyunen)=2017&value(semekikn)=1&value(kougicd)=DK082&value(crclumcd)=
SOX1020,基礎演習,田靡　裕祐,秋・木・２ 5207,/timetable/slbssbdr.do?value(risyunen)=2017&value(semekikn)=1&value(kougicd)=DK083&value(crclumcd)=
SOX1020,基礎演習,岸下　卓史,秋・木・２ 5212,/timetable/slbssbdr.do?value(risyunen)=2017&value(semekikn)=1&value(kougicd)=DK084&value(crclumcd)=
SOX1020,基礎演習,柳　信寛,秋・木・２ 5213,/timetable/slbssbdr.do?value(risyunen)=2017&value(semekikn)=1&value(kougicd)=DK085&value(crclumcd)=
SOX1020,基礎演習,木下　康仁,秋・木・２ 5208,/timetable/slbssbdr.do?value(risyunen)=2017&value(semekikn)=1&value(kougicd)=DK086&value(crclumcd)=
SOX1020,基礎演習,兼古　勝史,秋・木・２ 9B02,/timetable/slbssbdr.do?value(risyunen)=2017&value(semekikn)=1&value(kougicd)=DK087&value(crclumcd)=
SOX1020,基礎演習,福重　清,秋・木・２ 9201,/timetable/slbssbdr.do?value(risyunen)=2017&value(semekikn)=1&value(kougicd)=DK088&value(crclumcd)=
SOX1020,基礎演習,岩間　暁子,秋・木・２ 4401,/timetable/slbssbdr.do?value(risyunen)=2017&value(semekikn)=1&value(kougicd)=DK089&value(crclumcd)=
SOX1020,基礎演習,田辺　龍,秋・木・２ 9301,/timetable/slbssbdr.do?value(risyunen)=2017&value(semekikn)=1&value(kougicd)=DK090&value(crclumcd)=
SOX1020,基礎演習,水上　徹男,秋・木・２ 9202,/timetable/slbssbdr.do?value(risyunen)=2017&value(semekikn)=1&value(kougicd)=DK091&value(crclumcd)=
SOX1020,基礎演習,碧海　寿広,秋・木・２ 9203,/timetable/slbssbdr.do?value(risyunen)=2017&value(semekikn)=1&value(kougicd)=DK092&value(crclumcd)=
CCS3110,グローバル都市論,太田　麻希子,春・木・２ 5224,/timetable/slbssbdr.do?value(risyunen)=2017&value(semekikn)=1&value(kougicd)=DD421&value(crclumcd)=
SOC2020,専門演習１,呉　学殊,春・木・２ X205,/timetable/slbssbdr.do?value(risyunen)=2017&value(semekikn)=1&value(kougicd)=DA281&value(crclumcd)=
SOC2020,専門演習１,中西　啓喜,春・木・２ 5204,/timetable/slbssbdr.do?value(risyunen)=2017&value(semekikn)=1&value(kougicd)=DA282&value(crclumcd)=
SOC2020,専門演習１,岩間　暁子,春・木・２ 4401,/timetable/slbssbdr.do?value(risyunen)=2017&value(semekikn)=1&value(kougicd)=DA283&value(crclumcd)=
SOC2020,専門演習１,福重　清,春・木・２ 5205,/timetable/slbssbdr.do?value(risyunen)=2017&value(semekikn)=1&value(kougicd)=DA284&value(crclumcd)=
SOC2020,専門演習１,吉澤　夏子,春・木・２ 1201,/timetable/slbssbdr.do?value(risyunen)=2017&value(semekikn)=1&value(kougicd)=DA285&value(crclumcd)=
SOC2020,専門演習１,橋迫　瑞穂,春・木・２ 5207,/timetable/slbssbdr.do?value(risyunen)=2017&value(semekikn)=1&value(kougicd)=DA286&value(crclumcd)=
SOC2020,専門演習１,田北　康成,春・木・２ 5208,/timetable/slbssbdr.do?value(risyunen)=2017&value(semekikn)=1&value(kougicd)=DA287&value(crclumcd)=
SOC2020,専門演習１,村瀬　洋一,春・木・２ 5212,/timetable/slbssbdr.do?value(risyunen)=2017&value(semekikn)=1&value(kougicd)=DA288&value(crclumcd)=
SOC2020,専門演習１,金　兌恩,春・木・２ 5213,/timetable/slbssbdr.do?value(risyunen)=2017&value(semekikn)=1&value(kougicd)=DA289&value(crclumcd)=
SOC2020,専門演習１,脇田　彩,春・木・２ 9B02,/timetable/slbssbdr.do?value(risyunen)=2017&value(semekikn)=1&value(kougicd)=DA290&value(crclumcd)=
SOC2020,専門演習１,矢吹　康夫,春・木・２ 9201,/timetable/slbssbdr.do?value(risyunen)=2017&value(semekikn)=1&value(kougicd)=DA291&value(crclumcd)=
SOX2410,比較社会・文化論,浅野　正彦,秋・木・２ 8303,/timetable/slbssbdr.do?value(risyunen)=2017&value(semekikn)=1&value(kougicd)=DK173&value(crclumcd)=
CMS2430,メディア・ジャーナリズム実習基礎,小池　新,春・木・２ A202,/timetable/slbssbdr.do?value(risyunen)=2017&value(semekikn)=1&value(kougicd)=DE204&value(crclumcd)=
SOC2020,Reading Sociology in English,木下　康仁,春・木・２ 9301,/timetable/slbssbdr.do?value(risyunen)=2017&value(semekikn)=1&value(kougicd)=DA295&value(crclumcd)=
SOX3331,Lecture & Discussion on Media and Communication A,実松　克義,春・木・２ 4407,/timetable/slbssbdr.do?value(risyunen)=2017&value(semekikn)=1&value(kougicd)=DK115&value(crclumcd)=
SOX3331,Lecture & Discussion on Media and Communication B,実松　克義,秋・木・２ 4407,/timetable/slbssbdr.do?value(risyunen)=2017&value(semekikn)=1&value(kougicd)=DK116&value(crclumcd)=
SOX2210,グローバル社会論,水上　徹男,春・木・３ 7102,/timetable/slbssbdr.do?value(risyunen)=2017&value(semekikn)=1&value(kougicd)=DK143&value(crclumcd)=
SOC3110,計量社会学,村瀬　洋一,秋・木・３ 5224,/timetable/slbssbdr.do?value(risyunen)=2017&value(semekikn)=1&value(kougicd)=DA432&value(crclumcd)=
SOX2310,ジャーナリズム論,林　怡蕿,秋・木・３ M302,/timetable/slbssbdr.do?value(risyunen)=2017&value(semekikn)=1&value(kougicd)=DK154&value(crclumcd)=
SOX2410,生命・身体の社会学,柄本　三代子,秋・木・３ D401,/timetable/slbssbdr.do?value(risyunen)=2017&value(semekikn)=1&value(kougicd)=DK174&value(crclumcd)=
CMS3310,世論調査論,岡田　陽介,春・木・３ 5124,/timetable/slbssbdr.do?value(risyunen)=2017&value(semekikn)=1&value(kougicd)=DE257&value(crclumcd)=
SOC3620,専門演習２,吉澤　夏子,通年・木・３ 9302,/timetable/slbssbdr.do?value(risyunen)=2017&value(semekikn)=1&value(kougicd)=DA390&value(crclumcd)=
CMS3620,専門演習２,是永　論,通年・木・３ 7203,/timetable/slbssbdr.do?value(risyunen)=2017&value(semekikn)=1&value(kougicd)=DE384&value(crclumcd)=
CMS4820,卒業論文演習１,生井　英考,春・木・３ X107,/timetable/slbssbdr.do?value(risyunen)=2017&value(semekikn)=1&value(kougicd)=DE491&value(crclumcd)=
CMS4820,卒業論文演習２,岡田　陽介,秋・木・３ X105,/timetable/slbssbdr.do?value(risyunen)=2017&value(semekikn)=1&value(kougicd)=DE591&value(crclumcd)=
CMS3110,メディア・テクノロジー・社会,田辺　龍,春・木・３ 5401,/timetable/slbssbdr.do?value(risyunen)=2017&value(semekikn)=1&value(kougicd)=DE531&value(crclumcd)=
SOX3430,Writing Academic English A,楠　浩恵,春・木・３ 4256,/timetable/slbssbdr.do?value(risyunen)=2017&value(semekikn)=1&value(kougicd)=DK121&value(crclumcd)=
SOX3430,Writing Academic English B,楠　浩恵,秋・木・３ 4256,/timetable/slbssbdr.do?value(risyunen)=2017&value(semekikn)=1&value(kougicd)=DK122&value(crclumcd)=
SOX3231,Lecture & Discussion on Culture A,実松　克義,春・木・３ 4407,/timetable/slbssbdr.do?value(risyunen)=2017&value(semekikn)=1&value(kougicd)=DK113&value(crclumcd)=
SOX3231,Lecture & Discussion on Culture B,実松　克義,秋・木・３ 4407,/timetable/slbssbdr.do?value(risyunen)=2017&value(semekikn)=1&value(kougicd)=DK114&value(crclumcd)=
SOC3210,アイデンティティ論,小倉　敏彦,秋・木・４ D201,/timetable/slbssbdr.do?value(risyunen)=2017&value(semekikn)=1&value(kougicd)=DA444&value(crclumcd)=
SOC3210,アイデンティティ論,小倉　敏彦,秋・木・４ D201,/timetable/slbssbdr.do?value(risyunen)=2017&value(semekikn)=1&value(kougicd)=DA445&value(crclumcd)=
,社会調査法１,横山　智哉,春・木・４ 7102,/timetable/slbssbdr.do?value(risyunen)=2017&value(semekikn)=1&value(kougicd)=DE105&value(crclumcd)=
SOX1510,社会調査法１,野呂　芳明,春・木・４ 5121,/timetable/slbssbdr.do?value(risyunen)=2017&value(semekikn)=1&value(kougicd)=DK011&value(crclumcd)=
SOX1510,社会調査法１,脇田　彩,春・木・４ 7101,/timetable/slbssbdr.do?value(risyunen)=2017&value(semekikn)=1&value(kougicd)=DK012&value(crclumcd)=
SOX1510,社会調査法１,横山　智哉,春・木・４ 7102,/timetable/slbssbdr.do?value(risyunen)=2017&value(semekikn)=1&value(kougicd)=DK013&value(crclumcd)=
SOX1510,社会調査法２,李　旼珍,秋・木・４ 5121,/timetable/slbssbdr.do?value(risyunen)=2017&value(semekikn)=1&value(kougicd)=DK016&value(crclumcd)=
SOX1510,社会調査法２,間々田　孝夫,秋・木・４ 7101,/timetable/slbssbdr.do?value(risyunen)=2017&value(semekikn)=1&value(kougicd)=DK017&value(crclumcd)=
SOX1510,社会調査法２,矢吹　康夫,秋・木・４ 7102,/timetable/slbssbdr.do?value(risyunen)=2017&value(semekikn)=1&value(kougicd)=DK018&value(crclumcd)=
SOX2510,社会統計学,杉野　勇,春・木・４ D603,/timetable/slbssbdr.do?value(risyunen)=2017&value(semekikn)=1&value(kougicd)=DK241&value(crclumcd)=
SOC3620,専門演習２,村瀬　洋一,通年・木・４ 6406,/timetable/slbssbdr.do?value(risyunen)=2017&value(semekikn)=1&value(kougicd)=DA383&value(crclumcd)=
SOC3620,専門演習２,高山　真小倉　康嗣,通年・木・４ 7253,/timetable/slbssbdr.do?value(risyunen)=2017&value(semekikn)=1&value(kougicd)=DA384&value(crclumcd)=
CCS3620,専門演習２,太田　麻希子,通年・木・４ 1103,/timetable/slbssbdr.do?value(risyunen)=2017&value(semekikn)=1&value(kougicd)=DD389&value(crclumcd)=
CCS3620,専門演習２,小泉　元宏,通年・木・４ 1104,/timetable/slbssbdr.do?value(risyunen)=2017&value(semekikn)=1&value(kougicd)=DD390&value(crclumcd)=
CMS3620,専門演習２,黄　盛彬,通年・木・４ 4251,/timetable/slbssbdr.do?value(risyunen)=2017&value(semekikn)=1&value(kougicd)=DE390&value(crclumcd)=
SOC4820,卒業論文演習１,岩間　暁子,春・木・４ 4253,/timetable/slbssbdr.do?value(risyunen)=2017&value(semekikn)=1&value(kougicd)=DA567&value(crclumcd)=
SOC4820,卒業論文演習１,吉澤　夏子,春・木・４ 9302,/timetable/slbssbdr.do?value(risyunen)=2017&value(semekikn)=1&value(kougicd)=DA569&value(crclumcd)=
CMS4820,卒業論文演習１,砂川　浩慶,春・木・４ X102,/timetable/slbssbdr.do?value(risyunen)=2017&value(semekikn)=1&value(kougicd)=DE488&value(crclumcd)=
SOC4820,卒業論文演習２,岩間　暁子,秋・木・４ 4253,/timetable/slbssbdr.do?value(risyunen)=2017&value(semekikn)=1&value(kougicd)=DA587&value(crclumcd)=
SOC4820,卒業論文演習２,吉澤　夏子,秋・木・４ 9302,/timetable/slbssbdr.do?value(risyunen)=2017&value(semekikn)=1&value(kougicd)=DA589&value(crclumcd)=
CMS4820,卒業論文演習２,砂川　浩慶,秋・木・４ X102,/timetable/slbssbdr.do?value(risyunen)=2017&value(semekikn)=1&value(kougicd)=DE588&value(crclumcd)=
SOX3510,多変量解析,二階堂　晃祐,秋・木・４ 8403,/timetable/slbssbdr.do?value(risyunen)=2017&value(semekikn)=1&value(kougicd)=DK243&value(crclumcd)=
SOX2540,フィールド実習,柳　信寛,秋・木・４ 4255,/timetable/slbssbdr.do?value(risyunen)=2017&value(semekikn)=1&value(kougicd)=DK225&value(crclumcd)=
CMS3430,報道調査・インタビュー実践,小田桐　誠,春・木・４ 5403,/timetable/slbssbdr.do?value(risyunen)=2017&value(semekikn)=1&value(kougicd)=DE224&value(crclumcd)=
CMS3410,今日のメディアとジャーナリズム,橋本　晃伊藤　芳明,春・木・４ D302春・木・５ D302,/timetable/slbssbdr.do?value(risyunen)=2017&value(semekikn)=1&value(kougicd)=DE409&value(crclumcd)=
SOC3410,ＮＰＯ／ＮＧＯの社会学,萩原　なつ子,秋・木・５ 1202,/timetable/slbssbdr.do?value(risyunen)=2017&value(semekikn)=1&value(kougicd)=DA464&value(crclumcd)=
SOC3410,ＮＰＯ／ＮＧＯの社会学,萩原　なつ子,秋・木・５ 1202,/timetable/slbssbdr.do?value(risyunen)=2017&value(semekikn)=1&value(kougicd)=DA466&value(crclumcd)=
,ＮＰＯ／ＮＧＯの社会学,萩原　なつ子,秋・木・５ 1202,/timetable/slbssbdr.do?value(risyunen)=2017&value(semekikn)=1&value(kougicd)=DD465&value(crclumcd)=
SOX2410,開発・発展の社会学,萩原　なつ子,春・木・５ M202,/timetable/slbssbdr.do?value(risyunen)=2017&value(semekikn)=1&value(kougicd)=DK175&value(crclumcd)=
CMS3210,広告・ＰＲ論,植村　祐嗣,春・木・５ 5123,/timetable/slbssbdr.do?value(risyunen)=2017&value(semekikn)=1&value(kougicd)=DE508&value(crclumcd)=
CMS3210,広告・ＰＲ論,植村　祐嗣,春・木・５ 5123,/timetable/slbssbdr.do?value(risyunen)=2017&value(semekikn)=1&value(kougicd)=DE510&value(crclumcd)=
SOX2110,自己と他者の社会学,小倉　敏彦,秋・木・５ ９大,/timetable/slbssbdr.do?value(risyunen)=2017&value(semekikn)=1&value(kougicd)=DK132&value(crclumcd)=
SOX2310,情報社会論,和田　伸一郎,秋・木・５ 8202,/timetable/slbssbdr.do?value(risyunen)=2017&value(semekikn)=1&value(kougicd)=DK151&value(crclumcd)=
SOX2710,社会言語学,岩田　祐子,秋・木・５ X206,/timetable/slbssbdr.do?value(risyunen)=2017&value(semekikn)=1&value(kougicd)=DK208&value(crclumcd)=
SOC3510,社会人口学,別府　志海,秋・木・５ 4402,/timetable/slbssbdr.do?value(risyunen)=2017&value(semekikn)=1&value(kougicd)=DA474&value(crclumcd)=
SOX3540,社会調査演習,曹　慶鎬明戸　隆浩横山　智哉,通年・木・５ 8503,/timetable/slbssbdr.do?value(risyunen)=2017&value(semekikn)=1&value(kougicd)=DK244&value(crclumcd)=
SOC3410,社会問題の社会学,高山　真,秋・木・５ AB01,/timetable/slbssbdr.do?value(risyunen)=2017&value(semekikn)=1&value(kougicd)=DA463&value(crclumcd)=
SOX2410,宗教社会学,小池　靖,春・木・５ M302,/timetable/slbssbdr.do?value(risyunen)=2017&value(semekikn)=1&value(kougicd)=DK163&value(crclumcd)=
CMS3620,専門演習２,砂川　浩慶,通年・木・５ X102,/timetable/slbssbdr.do?value(risyunen)=2017&value(semekikn)=1&value(kougicd)=DE388&value(crclumcd)=
CMS3620,専門演習２,生井　英考岡田　陽介,通年・木・５ 4408,/timetable/slbssbdr.do?value(risyunen)=2017&value(semekikn)=1&value(kougicd)=DE391&value(crclumcd)=
SOC4820,卒業論文演習１,高山　真,春・木・５ 7251,/timetable/slbssbdr.do?value(risyunen)=2017&value(semekikn)=1&value(kougicd)=DA568&value(crclumcd)=
CCS4820,卒業論文演習１,小泉　元宏,春・木・５ 1104,/timetable/slbssbdr.do?value(risyunen)=2017&value(semekikn)=1&value(kougicd)=DD570&value(crclumcd)=
CMS4820,卒業論文演習１,是永　論,春・木・５ 7203,/timetable/slbssbdr.do?value(risyunen)=2017&value(semekikn)=1&value(kougicd)=DE484&value(crclumcd)=
CMS4820,卒業論文演習１,黄　盛彬,春・木・５ X101,/timetable/slbssbdr.do?value(risyunen)=2017&value(semekikn)=1&value(kougicd)=DE490&value(crclumcd)=
SOC4820,卒業論文演習２,李　旼珍,秋・木・５ 4253,/timetable/slbssbdr.do?value(risyunen)=2017&value(semekikn)=1&value(kougicd)=DA581&value(crclumcd)=
SOC4820,卒業論文演習２,小倉　康嗣,秋・木・５ 7251,/timetable/slbssbdr.do?value(risyunen)=2017&value(semekikn)=1&value(kougicd)=DA588&value(crclumcd)=
CCS4820,卒業論文演習２,小池　靖,秋・木・５ 4254,/timetable/slbssbdr.do?value(risyunen)=2017&value(semekikn)=1&value(kougicd)=DD583&value(crclumcd)=
CCS4820,卒業論文演習２,小泉　元宏,秋・木・５ 1104,/timetable/slbssbdr.do?value(risyunen)=2017&value(semekikn)=1&value(kougicd)=DD590&value(crclumcd)=
CMS4820,卒業論文演習２,是永　論,秋・木・５ 7203,/timetable/slbssbdr.do?value(risyunen)=2017&value(semekikn)=1&value(kougicd)=DE584&value(crclumcd)=
CMS4820,卒業論文演習２,黄　盛彬,秋・木・５ 4256,/timetable/slbssbdr.do?value(risyunen)=2017&value(semekikn)=1&value(kougicd)=DE590&value(crclumcd)=
CCS3110,都市文化論,武岡　暢,春・水・５ D401,/timetable/slbssbdr.do?value(risyunen)=2017&value(semekikn)=1&value(kougicd)=DD244&value(crclumcd)=
CCS3110,都市文化論,武岡　暢,春・水・５ D401,/timetable/slbssbdr.do?value(risyunen)=2017&value(semekikn)=1&value(kougicd)=DD245&value(crclumcd)=
CCS3110,まちづくり論,竹内　光博,秋・土・２ 1202,/timetable/slbssbdr.do?value(risyunen)=2017&value(semekikn)=1&value(kougicd)=DD424&value(crclumcd)=
SOX2810,自主講座,田北　康成櫻井　厚矢吹　康夫,春・木・６ 1103,/timetable/slbssbdr.do?value(risyunen)=2017&value(semekikn)=1&value(kougicd)=DK271&value(crclumcd)=
CMS3210,音楽社会学,井手口　彰典,春・金・１ 8202,/timetable/slbssbdr.do?value(risyunen)=2017&value(semekikn)=1&value(kougicd)=DE505&value(crclumcd)=
CMS3110,グローバル・コミュニケーション論,平田　由紀江,秋・金・１ 5223,/timetable/slbssbdr.do?value(risyunen)=2017&value(semekikn)=1&value(kougicd)=DE440&value(crclumcd)=
CCS3410,消費文化論,寺島　拓幸,秋・金・１ D501,/timetable/slbssbdr.do?value(risyunen)=2017&value(semekikn)=1&value(kougicd)=DD240&value(crclumcd)=
SOC3110,データ対話型分析法,山崎　浩司,秋・金・１ 1202,/timetable/slbssbdr.do?value(risyunen)=2017&value(semekikn)=1&value(kougicd)=DA413&value(crclumcd)=
CCS3110,都市マイノリティ論,北川　由紀彦,秋・金・１ 5124,/timetable/slbssbdr.do?value(risyunen)=2017&value(semekikn)=1&value(kougicd)=DD422&value(crclumcd)=
SOX3430,Writing Academic English C,楠　浩恵,秋・金・１ X108,/timetable/slbssbdr.do?value(risyunen)=2017&value(semekikn)=1&value(kougicd)=DK123&value(crclumcd)=
SOX2410,流行論,渡辺　明日香,春・金・１ A203,/timetable/slbssbdr.do?value(risyunen)=2017&value(semekikn)=1&value(kougicd)=DK171&value(crclumcd)=
CMS3110,ｗｅｂスタディーズ,庄司　昌彦,春・金・２ 5322,/timetable/slbssbdr.do?value(risyunen)=2017&value(semekikn)=1&value(kougicd)=DE436&value(crclumcd)=
SOX2710,科学技術論,福井　智紀,春・金・２ 8101,/timetable/slbssbdr.do?value(risyunen)=2017&value(semekikn)=1&value(kougicd)=DK209&value(crclumcd)=
SOC3310,家族社会学,岩間　暁子,秋・金・２ D401,/timetable/slbssbdr.do?value(risyunen)=2017&value(semekikn)=1&value(kougicd)=DA327&value(crclumcd)=
CCS3310,環境政策論,落合　勝昭,春・金・２ 5224,/timetable/slbssbdr.do?value(risyunen)=2017&value(semekikn)=1&value(kougicd)=DD462&value(crclumcd)=
SOC3410,公共政策とガバナンス,三重野　卓,秋・金・２ D301,/timetable/slbssbdr.do?value(risyunen)=2017&value(semekikn)=1&value(kougicd)=DA305&value(crclumcd)=
CMS3110,コミュニケーション政策論,金　美林,秋・金・２ M301,/timetable/slbssbdr.do?value(risyunen)=2017&value(semekikn)=1&value(kougicd)=DE437&value(crclumcd)=
SOX3510,質的調査法,高山　真,秋・金・２ X206,/timetable/slbssbdr.do?value(risyunen)=2017&value(semekikn)=1&value(kougicd)=DK246&value(crclumcd)=
SOX2710,政治学Ｂ（現代政治）,川橋　郁子,春・金・２ 5323,/timetable/slbssbdr.do?value(risyunen)=2017&value(semekikn)=1&value(kougicd)=DK203&value(crclumcd)=
SOC3620,専門演習２,野呂　芳明,通年・金・２ 5201,/timetable/slbssbdr.do?value(risyunen)=2017&value(semekikn)=1&value(kougicd)=DA385&value(crclumcd)=
SOC3210,相互行為論,上谷　香陽,秋・金・２ 7202,/timetable/slbssbdr.do?value(risyunen)=2017&value(semekikn)=1&value(kougicd)=DA311&value(crclumcd)=
CMS3310,ニュースの社会学６,永田　浩三,春・金・２ ９大,/timetable/slbssbdr.do?value(risyunen)=2017&value(semekikn)=1&value(kougicd)=DE256&value(crclumcd)=
CMS3310,ニュースの社会学６,永田　浩三,春・金・２ ９大,/timetable/slbssbdr.do?value(risyunen)=2017&value(semekikn)=1&value(kougicd)=DE259&value(crclumcd)=
SOX2540,フィールド実習,永石　文明,秋・金・２ 9204,/timetable/slbssbdr.do?value(risyunen)=2017&value(semekikn)=1&value(kougicd)=DK222&value(crclumcd)=
SOX2410,現代社会と政策,権　安理,春・金・３ 5224,/timetable/slbssbdr.do?value(risyunen)=2017&value(semekikn)=1&value(kougicd)=DK165&value(crclumcd)=
SOX1010,社会学原論１,生井　英考,春・金・３ 5122,/timetable/slbssbdr.do?value(risyunen)=2017&value(semekikn)=1&value(kougicd)=DK001&value(crclumcd)=
SOX1010,社会学原論１,須永　将史,春・金・３ 7102,/timetable/slbssbdr.do?value(risyunen)=2017&value(semekikn)=1&value(kougicd)=DK002&value(crclumcd)=
SOX1010,社会学原論１,片上　平二郎,春・金・３ D201,/timetable/slbssbdr.do?value(risyunen)=2017&value(semekikn)=1&value(kougicd)=DK003&value(crclumcd)=
SOX1010,社会学原論２,橋本　晃,秋・金・３ 5122,/timetable/slbssbdr.do?value(risyunen)=2017&value(semekikn)=1&value(kougicd)=DK006&value(crclumcd)=
SOX1010,社会学原論２,小池　靖,秋・金・３ 7102,/timetable/slbssbdr.do?value(risyunen)=2017&value(semekikn)=1&value(kougicd)=DK007&value(crclumcd)=
SOX1010,社会学原論２,菅野　摂子,秋・金・３ D201,/timetable/slbssbdr.do?value(risyunen)=2017&value(semekikn)=1&value(kougicd)=DK008&value(crclumcd)=
SOC3510,社会階層論,中村　牧子,秋・金・３ 8304,/timetable/slbssbdr.do?value(risyunen)=2017&value(semekikn)=1&value(kougicd)=DA339&value(crclumcd)=
SOC3620,専門演習２,松本　康,通年・金・３ 9203,/timetable/slbssbdr.do?value(risyunen)=2017&value(semekikn)=1&value(kougicd)=DA386&value(crclumcd)=
CCS4820,卒業論文演習１,石井　香世子,春・金・３ 9202,/timetable/slbssbdr.do?value(risyunen)=2017&value(semekikn)=1&value(kougicd)=DD564&value(crclumcd)=
CCS4820,卒業論文演習２,石井　香世子,秋・金・３ 5308,/timetable/slbssbdr.do?value(risyunen)=2017&value(semekikn)=1&value(kougicd)=DD584&value(crclumcd)=
CMS3310,ニュースの社会学３,橋本　晃,春・金・３ 5124,/timetable/slbssbdr.do?value(risyunen)=2017&value(semekikn)=1&value(kougicd)=DE253&value(crclumcd)=
SOX3131,Lecture & Discussion on Social Issues A,倉本　由紀子,春・金・３ D602,/timetable/slbssbdr.do?value(risyunen)=2017&value(semekikn)=1&value(kougicd)=DK111&value(crclumcd)=
SOX3131,Lecture & Discussion on Social Issues B,倉本　由紀子,秋・金・３ D602,/timetable/slbssbdr.do?value(risyunen)=2017&value(semekikn)=1&value(kougicd)=DK112&value(crclumcd)=
SOX2410,教育社会学,三輪　哲,春・金・４ 5222,/timetable/slbssbdr.do?value(risyunen)=2017&value(semekikn)=1&value(kougicd)=DK180&value(crclumcd)=
SOX2473,Global Study Program (Sydney),黄　盛彬,春・金・４ 4403,/timetable/slbssbdr.do?value(risyunen)=2017&value(semekikn)=1&value(kougicd)=DK125&value(crclumcd)=
CCS3410,セラピー文化論,小池　靖,春・金・４ 4406,/timetable/slbssbdr.do?value(risyunen)=2017&value(semekikn)=1&value(kougicd)=DD239&value(crclumcd)=
CMS4820,卒業論文演習１,井川　充雄,春・金・４ 9204,/timetable/slbssbdr.do?value(risyunen)=2017&value(semekikn)=1&value(kougicd)=DE485&value(crclumcd)=
CMS4820,卒業論文演習２,井川　充雄,秋・金・４ 9204,/timetable/slbssbdr.do?value(risyunen)=2017&value(semekikn)=1&value(kougicd)=DE585&value(crclumcd)=
CCS3110,都市社会構造論,下村　恭広,春・金・４ X204,/timetable/slbssbdr.do?value(risyunen)=2017&value(semekikn)=1&value(kougicd)=DD234&value(crclumcd)=
