経営学基礎,/timetable/slbssbdr.do?value(risyunen)=2017&value(semekikn)=1&value(kougicd)=BT031&value(crclumcd)=
経営学基礎,/timetable/slbssbdr.do?value(risyunen)=2017&value(semekikn)=1&value(kougicd)=BT032&value(crclumcd)=
経営学基礎,/timetable/slbssbdr.do?value(risyunen)=2017&value(semekikn)=1&value(kougicd)=BT033&value(crclumcd)=
経営学入門,/timetable/slbssbdr.do?value(risyunen)=2017&value(semekikn)=1&value(kougicd)=BT001&value(crclumcd)=
経営学入門,/timetable/slbssbdr.do?value(risyunen)=2017&value(semekikn)=1&value(kougicd)=BT002&value(crclumcd)=
経営学入門,/timetable/slbssbdr.do?value(risyunen)=2017&value(semekikn)=1&value(kougicd)=BT003&value(crclumcd)=
経営学入門,/timetable/slbssbdr.do?value(risyunen)=2017&value(semekikn)=1&value(kougicd)=BT004&value(crclumcd)=
経営学のための数学,/timetable/slbssbdr.do?value(risyunen)=2017&value(semekikn)=1&value(kougicd)=BT069&value(crclumcd)=
3年次演習1,/timetable/slbssbdr.do?value(risyunen)=2017&value(semekikn)=1&value(kougicd)=BT420&value(crclumcd)=
3年次演習2,/timetable/slbssbdr.do?value(risyunen)=2017&value(semekikn)=1&value(kougicd)=BT470&value(crclumcd)=
ビジネス概論A,/timetable/slbssbdr.do?value(risyunen)=2017&value(semekikn)=1&value(kougicd)=BT011&value(crclumcd)=
ビジネス概論A,/timetable/slbssbdr.do?value(risyunen)=2017&value(semekikn)=1&value(kougicd)=BT012&value(crclumcd)=
ビジネス概論A,/timetable/slbssbdr.do?value(risyunen)=2017&value(semekikn)=1&value(kougicd)=BT013&value(crclumcd)=
消費者行動論,/timetable/slbssbdr.do?value(risyunen)=2017&value(semekikn)=1&value(kougicd)=BT126&value(crclumcd)=
2年次演習1,/timetable/slbssbdr.do?value(risyunen)=2017&value(semekikn)=1&value(kougicd)=BT320&value(crclumcd)=
2年次演習2,/timetable/slbssbdr.do?value(risyunen)=2017&value(semekikn)=1&value(kougicd)=BT370&value(crclumcd)=
比較組織論,/timetable/slbssbdr.do?value(risyunen)=2017&value(semekikn)=1&value(kougicd)=BT107&value(crclumcd)=
ファイナンスのための数学,/timetable/slbssbdr.do?value(risyunen)=2017&value(semekikn)=1&value(kougicd)=BT186&value(crclumcd)=
Finance,/timetable/slbssbdr.do?value(risyunen)=2017&value(semekikn)=1&value(kougicd)=BT183&value(crclumcd)=
Modern Consumer Culture and Society,/timetable/slbssbdr.do?value(risyunen)=2017&value(semekikn)=1&value(kougicd)=BT169&value(crclumcd)=
ワークショップ演習E,/timetable/slbssbdr.do?value(risyunen)=2017&value(semekikn)=1&value(kougicd)=BT285&value(crclumcd)=
ワークショップ演習A,/timetable/slbssbdr.do?value(risyunen)=2017&value(semekikn)=1&value(kougicd)=BT281&value(crclumcd)=
International Financial Management,/timetable/slbssbdr.do?value(risyunen)=2017&value(semekikn)=1&value(kougicd)=BT185&value(crclumcd)=
経営史,/timetable/slbssbdr.do?value(risyunen)=2017&value(semekikn)=1&value(kougicd)=BT030&value(crclumcd)=
Strategic Management,/timetable/slbssbdr.do?value(risyunen)=2017&value(semekikn)=1&value(kougicd)=BT178&value(crclumcd)=
卒論演習1,/timetable/slbssbdr.do?value(risyunen)=2017&value(semekikn)=1&value(kougicd)=BT520&value(crclumcd)=
卒論演習2,/timetable/slbssbdr.do?value(risyunen)=2017&value(semekikn)=1&value(kougicd)=BT570&value(crclumcd)=
2年次演習1,/timetable/slbssbdr.do?value(risyunen)=2017&value(semekikn)=1&value(kougicd)=BT308&value(crclumcd)=
2年次演習2,/timetable/slbssbdr.do?value(risyunen)=2017&value(semekikn)=1&value(kougicd)=BT358&value(crclumcd)=
ワークショップ演習C,/timetable/slbssbdr.do?value(risyunen)=2017&value(semekikn)=1&value(kougicd)=BT283&value(crclumcd)=
Business Negotiation,/timetable/slbssbdr.do?value(risyunen)=2017&value(semekikn)=1&value(kougicd)=BT131&value(crclumcd)=
経済学入門,/timetable/slbssbdr.do?value(risyunen)=2017&value(semekikn)=1&value(kougicd)=BT036&value(crclumcd)=
ミクロ経済学,/timetable/slbssbdr.do?value(risyunen)=2017&value(semekikn)=1&value(kougicd)=BT035&value(crclumcd)=
経営と社会,/timetable/slbssbdr.do?value(risyunen)=2017&value(semekikn)=1&value(kougicd)=BT028&value(crclumcd)=
BL3-A,/timetable/slbssbdr.do?value(risyunen)=2017&value(semekikn)=1&value(kougicd)=BT625&value(crclumcd)=
BL2,/timetable/slbssbdr.do?value(risyunen)=2017&value(semekikn)=1&value(kougicd)=BT613&value(crclumcd)=
BL2,/timetable/slbssbdr.do?value(risyunen)=2017&value(semekikn)=1&value(kougicd)=BT614&value(crclumcd)=
BL2,/timetable/slbssbdr.do?value(risyunen)=2017&value(semekikn)=1&value(kougicd)=BT615&value(crclumcd)=
BL2,/timetable/slbssbdr.do?value(risyunen)=2017&value(semekikn)=1&value(kougicd)=BT616&value(crclumcd)=
BL2,/timetable/slbssbdr.do?value(risyunen)=2017&value(semekikn)=1&value(kougicd)=BT617&value(crclumcd)=
BL2,/timetable/slbssbdr.do?value(risyunen)=2017&value(semekikn)=1&value(kougicd)=BT618&value(crclumcd)=
BL2,/timetable/slbssbdr.do?value(risyunen)=2017&value(semekikn)=1&value(kougicd)=BT619&value(crclumcd)=
BL2,/timetable/slbssbdr.do?value(risyunen)=2017&value(semekikn)=1&value(kougicd)=BT620&value(crclumcd)=
BL2,/timetable/slbssbdr.do?value(risyunen)=2017&value(semekikn)=1&value(kougicd)=BT621&value(crclumcd)=
BL2,/timetable/slbssbdr.do?value(risyunen)=2017&value(semekikn)=1&value(kougicd)=BT622&value(crclumcd)=
Marketing Positioning Strategy,/timetable/slbssbdr.do?value(risyunen)=2017&value(semekikn)=1&value(kougicd)=BT167&value(crclumcd)=
Marketing Management in Japan,/timetable/slbssbdr.do?value(risyunen)=2017&value(semekikn)=1&value(kougicd)=BT161&value(crclumcd)=
Introduction to Strategic Management,/timetable/slbssbdr.do?value(risyunen)=2017&value(semekikn)=1&value(kougicd)=BT175&value(crclumcd)=
卒論演習1,/timetable/slbssbdr.do?value(risyunen)=2017&value(semekikn)=1&value(kougicd)=BT509&value(crclumcd)=
卒論演習1,/timetable/slbssbdr.do?value(risyunen)=2017&value(semekikn)=1&value(kougicd)=BT511&value(crclumcd)=
卒論演習2,/timetable/slbssbdr.do?value(risyunen)=2017&value(semekikn)=1&value(kougicd)=BT559&value(crclumcd)=
卒論演習2,/timetable/slbssbdr.do?value(risyunen)=2017&value(semekikn)=1&value(kougicd)=BT561&value(crclumcd)=
BL1,/timetable/slbssbdr.do?value(risyunen)=2017&value(semekikn)=1&value(kougicd)=BT601&value(crclumcd)=
BL1,/timetable/slbssbdr.do?value(risyunen)=2017&value(semekikn)=1&value(kougicd)=BT602&value(crclumcd)=
BL1,/timetable/slbssbdr.do?value(risyunen)=2017&value(semekikn)=1&value(kougicd)=BT603&value(crclumcd)=
BL1,/timetable/slbssbdr.do?value(risyunen)=2017&value(semekikn)=1&value(kougicd)=BT604&value(crclumcd)=
BL1,/timetable/slbssbdr.do?value(risyunen)=2017&value(semekikn)=1&value(kougicd)=BT605&value(crclumcd)=
BL1,/timetable/slbssbdr.do?value(risyunen)=2017&value(semekikn)=1&value(kougicd)=BT606&value(crclumcd)=
BL1,/timetable/slbssbdr.do?value(risyunen)=2017&value(semekikn)=1&value(kougicd)=BT607&value(crclumcd)=
BL1,/timetable/slbssbdr.do?value(risyunen)=2017&value(semekikn)=1&value(kougicd)=BT608&value(crclumcd)=
BL1,/timetable/slbssbdr.do?value(risyunen)=2017&value(semekikn)=1&value(kougicd)=BT609&value(crclumcd)=
BL1,/timetable/slbssbdr.do?value(risyunen)=2017&value(semekikn)=1&value(kougicd)=BT610&value(crclumcd)=
BL1,/timetable/slbssbdr.do?value(risyunen)=2017&value(semekikn)=1&value(kougicd)=BT611&value(crclumcd)=
BL1,/timetable/slbssbdr.do?value(risyunen)=2017&value(semekikn)=1&value(kougicd)=BT612&value(crclumcd)=
マーケティング・セオリー,/timetable/slbssbdr.do?value(risyunen)=2017&value(semekikn)=1&value(kougicd)=BT121&value(crclumcd)=
マーケティング・マネジメント,/timetable/slbssbdr.do?value(risyunen)=2017&value(semekikn)=1&value(kougicd)=BT023&value(crclumcd)=
リーダーシップ入門(BL0),/timetable/slbssbdr.do?value(risyunen)=2017&value(semekikn)=1&value(kougicd)=BT251&value(crclumcd)=
リーダーシップ入門(BL0),/timetable/slbssbdr.do?value(risyunen)=2017&value(semekikn)=1&value(kougicd)=BT252&value(crclumcd)=
リーダーシップ入門(BL0),/timetable/slbssbdr.do?value(risyunen)=2017&value(semekikn)=1&value(kougicd)=BT253&value(crclumcd)=
リーダーシップ入門(BL0),/timetable/slbssbdr.do?value(risyunen)=2017&value(semekikn)=1&value(kougicd)=BT254&value(crclumcd)=
リーダーシップ入門(BL0),/timetable/slbssbdr.do?value(risyunen)=2017&value(semekikn)=1&value(kougicd)=BT255&value(crclumcd)=
リーダーシップ入門(BL0),/timetable/slbssbdr.do?value(risyunen)=2017&value(semekikn)=1&value(kougicd)=BT256&value(crclumcd)=
リーダーシップ入門(BL0),/timetable/slbssbdr.do?value(risyunen)=2017&value(semekikn)=1&value(kougicd)=BT257&value(crclumcd)=
リーダーシップ入門(BL0),/timetable/slbssbdr.do?value(risyunen)=2017&value(semekikn)=1&value(kougicd)=BT258&value(crclumcd)=
リーダーシップ入門(BL0),/timetable/slbssbdr.do?value(risyunen)=2017&value(semekikn)=1&value(kougicd)=BT259&value(crclumcd)=
リーダーシップ入門(BL0),/timetable/slbssbdr.do?value(risyunen)=2017&value(semekikn)=1&value(kougicd)=BT260&value(crclumcd)=
リーダーシップ入門(BL0),/timetable/slbssbdr.do?value(risyunen)=2017&value(semekikn)=1&value(kougicd)=BT261&value(crclumcd)=
リーダーシップ入門(BL0),/timetable/slbssbdr.do?value(risyunen)=2017&value(semekikn)=1&value(kougicd)=BT262&value(crclumcd)=
リーダーシップ入門(BL0),/timetable/slbssbdr.do?value(risyunen)=2017&value(semekikn)=1&value(kougicd)=BT263&value(crclumcd)=
リーダーシップ入門(BL0),/timetable/slbssbdr.do?value(risyunen)=2017&value(semekikn)=1&value(kougicd)=BT264&value(crclumcd)=
リーダーシップ入門(BL0),/timetable/slbssbdr.do?value(risyunen)=2017&value(semekikn)=1&value(kougicd)=BT265&value(crclumcd)=
リーダーシップ入門(BL0),/timetable/slbssbdr.do?value(risyunen)=2017&value(semekikn)=1&value(kougicd)=BT266&value(crclumcd)=
リーダーシップ入門(BL0),/timetable/slbssbdr.do?value(risyunen)=2017&value(semekikn)=1&value(kougicd)=BT267&value(crclumcd)=
リーダーシップ入門(BL0),/timetable/slbssbdr.do?value(risyunen)=2017&value(semekikn)=1&value(kougicd)=BT268&value(crclumcd)=
ワークショップ演習G,/timetable/slbssbdr.do?value(risyunen)=2017&value(semekikn)=1&value(kougicd)=BT287&value(crclumcd)=
International Business-A,/timetable/slbssbdr.do?value(risyunen)=2017&value(semekikn)=1&value(kougicd)=BT163&value(crclumcd)=
企業人セミナー3,/timetable/slbssbdr.do?value(risyunen)=2017&value(semekikn)=1&value(kougicd)=BT223&value(crclumcd)=
3年次演習1,/timetable/slbssbdr.do?value(risyunen)=2017&value(semekikn)=1&value(kougicd)=BT408&value(crclumcd)=
3年次演習1,/timetable/slbssbdr.do?value(risyunen)=2017&value(semekikn)=1&value(kougicd)=BT409&value(crclumcd)=
3年次演習1,/timetable/slbssbdr.do?value(risyunen)=2017&value(semekikn)=1&value(kougicd)=BT411&value(crclumcd)=
3年次演習2,/timetable/slbssbdr.do?value(risyunen)=2017&value(semekikn)=1&value(kougicd)=BT458&value(crclumcd)=
3年次演習2,/timetable/slbssbdr.do?value(risyunen)=2017&value(semekikn)=1&value(kougicd)=BT459&value(crclumcd)=
3年次演習2,/timetable/slbssbdr.do?value(risyunen)=2017&value(semekikn)=1&value(kougicd)=BT461&value(crclumcd)=
Japanese and East Asian Business Environments,/timetable/slbssbdr.do?value(risyunen)=2017&value(semekikn)=1&value(kougicd)=BT177&value(crclumcd)=
生産管理論,/timetable/slbssbdr.do?value(risyunen)=2017&value(semekikn)=1&value(kougicd)=BT106&value(crclumcd)=
Financial Accounting,/timetable/slbssbdr.do?value(risyunen)=2017&value(semekikn)=1&value(kougicd)=BT188&value(crclumcd)=
Financial Statement Analysis,/timetable/slbssbdr.do?value(risyunen)=2017&value(semekikn)=1&value(kougicd)=BT118&value(crclumcd)=
マネジメントの理論,/timetable/slbssbdr.do?value(risyunen)=2017&value(semekikn)=1&value(kougicd)=BT103&value(crclumcd)=
ワークショップ演習D,/timetable/slbssbdr.do?value(risyunen)=2017&value(semekikn)=1&value(kougicd)=BT284&value(crclumcd)=
Topics in Business 2,/timetable/slbssbdr.do?value(risyunen)=2017&value(semekikn)=1&value(kougicd)=BT237&value(crclumcd)=
Topics in Business 1,/timetable/slbssbdr.do?value(risyunen)=2017&value(semekikn)=1&value(kougicd)=BT236&value(crclumcd)=
企業人セミナー1,/timetable/slbssbdr.do?value(risyunen)=2017&value(semekikn)=1&value(kougicd)=BT221&value(crclumcd)=
サービス・マーケティング,/timetable/slbssbdr.do?value(risyunen)=2017&value(semekikn)=1&value(kougicd)=BT125&value(crclumcd)=
サステナビリティ　＆　ビジネス,/timetable/slbssbdr.do?value(risyunen)=2017&value(semekikn)=1&value(kougicd)=BT091&value(crclumcd)=
卒論演習1,/timetable/slbssbdr.do?value(risyunen)=2017&value(semekikn)=1&value(kougicd)=BT501&value(crclumcd)=
卒論演習1,/timetable/slbssbdr.do?value(risyunen)=2017&value(semekikn)=1&value(kougicd)=BT508&value(crclumcd)=
卒論演習1,/timetable/slbssbdr.do?value(risyunen)=2017&value(semekikn)=1&value(kougicd)=BT522&value(crclumcd)=
卒論演習2,/timetable/slbssbdr.do?value(risyunen)=2017&value(semekikn)=1&value(kougicd)=BT551&value(crclumcd)=
卒論演習2,/timetable/slbssbdr.do?value(risyunen)=2017&value(semekikn)=1&value(kougicd)=BT558&value(crclumcd)=
卒論演習2,/timetable/slbssbdr.do?value(risyunen)=2017&value(semekikn)=1&value(kougicd)=BT572&value(crclumcd)=
2年次演習1,/timetable/slbssbdr.do?value(risyunen)=2017&value(semekikn)=1&value(kougicd)=BT309&value(crclumcd)=
2年次演習1,/timetable/slbssbdr.do?value(risyunen)=2017&value(semekikn)=1&value(kougicd)=BT311&value(crclumcd)=
2年次演習2,/timetable/slbssbdr.do?value(risyunen)=2017&value(semekikn)=1&value(kougicd)=BT359&value(crclumcd)=
2年次演習2,/timetable/slbssbdr.do?value(risyunen)=2017&value(semekikn)=1&value(kougicd)=BT361&value(crclumcd)=
ビジネスエコノミクス,/timetable/slbssbdr.do?value(risyunen)=2017&value(semekikn)=1&value(kougicd)=BT029&value(crclumcd)=
ビジネスリテラシー2,/timetable/slbssbdr.do?value(risyunen)=2017&value(semekikn)=1&value(kougicd)=BT067&value(crclumcd)=
ビジネスリテラシー1,/timetable/slbssbdr.do?value(risyunen)=2017&value(semekikn)=1&value(kougicd)=BT065&value(crclumcd)=
BL3-B,/timetable/slbssbdr.do?value(risyunen)=2017&value(semekikn)=1&value(kougicd)=BT626&value(crclumcd)=
BL3-B,/timetable/slbssbdr.do?value(risyunen)=2017&value(semekikn)=1&value(kougicd)=BT627&value(crclumcd)=
EAP2,/timetable/slbssbdr.do?value(risyunen)=2017&value(semekikn)=1&value(kougicd)=BT661&value(crclumcd)=
EAP2,/timetable/slbssbdr.do?value(risyunen)=2017&value(semekikn)=1&value(kougicd)=BT663&value(crclumcd)=
EAP2,/timetable/slbssbdr.do?value(risyunen)=2017&value(semekikn)=1&value(kougicd)=BT665&value(crclumcd)=
グッド・ビジネス,/timetable/slbssbdr.do?value(risyunen)=2017&value(semekikn)=1&value(kougicd)=BT019&value(crclumcd)=
経営と心理,/timetable/slbssbdr.do?value(risyunen)=2017&value(semekikn)=1&value(kougicd)=BT027&value(crclumcd)=
グッド・ビジネス・ワークショップ,/timetable/slbssbdr.do?value(risyunen)=2017&value(semekikn)=1&value(kougicd)=BT092&value(crclumcd)=
Argumentation and Debate,/timetable/slbssbdr.do?value(risyunen)=2017&value(semekikn)=1&value(kougicd)=BT112&value(crclumcd)=
EAP2,/timetable/slbssbdr.do?value(risyunen)=2017&value(semekikn)=1&value(kougicd)=BT666&value(crclumcd)=
EAP2,/timetable/slbssbdr.do?value(risyunen)=2017&value(semekikn)=1&value(kougicd)=BT668&value(crclumcd)=
EAP2,/timetable/slbssbdr.do?value(risyunen)=2017&value(semekikn)=1&value(kougicd)=BT670&value(crclumcd)=
ESP-A,/timetable/slbssbdr.do?value(risyunen)=2017&value(semekikn)=1&value(kougicd)=BT671&value(crclumcd)=
ESP-A,/timetable/slbssbdr.do?value(risyunen)=2017&value(semekikn)=1&value(kougicd)=BT672&value(crclumcd)=
ESP-A,/timetable/slbssbdr.do?value(risyunen)=2017&value(semekikn)=1&value(kougicd)=BT673&value(crclumcd)=
ESP-A,/timetable/slbssbdr.do?value(risyunen)=2017&value(semekikn)=1&value(kougicd)=BT674&value(crclumcd)=
グッド・ビジネス,/timetable/slbssbdr.do?value(risyunen)=2017&value(semekikn)=1&value(kougicd)=BT020&value(crclumcd)=
Good Business Seminar,/timetable/slbssbdr.do?value(risyunen)=2017&value(semekikn)=1&value(kougicd)=BT095&value(crclumcd)=
Global Innovation Management,/timetable/slbssbdr.do?value(risyunen)=2017&value(semekikn)=1&value(kougicd)=BT162&value(crclumcd)=
経営戦略論,/timetable/slbssbdr.do?value(risyunen)=2017&value(semekikn)=1&value(kougicd)=BT024&value(crclumcd)=
コーポレートガバナンス,/timetable/slbssbdr.do?value(risyunen)=2017&value(semekikn)=1&value(kougicd)=BT083&value(crclumcd)=
コーポレート・ファイナンス,/timetable/slbssbdr.do?value(risyunen)=2017&value(semekikn)=1&value(kougicd)=BT021&value(crclumcd)=
組織と戦略,/timetable/slbssbdr.do?value(risyunen)=2017&value(semekikn)=1&value(kougicd)=BT102&value(crclumcd)=
Business and Society,/timetable/slbssbdr.do?value(risyunen)=2017&value(semekikn)=1&value(kougicd)=BT203&value(crclumcd)=
Advanced Small Group Communication,/timetable/slbssbdr.do?value(risyunen)=2017&value(semekikn)=1&value(kougicd)=BT216&value(crclumcd)=
ESP-A,/timetable/slbssbdr.do?value(risyunen)=2017&value(semekikn)=1&value(kougicd)=BT676&value(crclumcd)=
ESP-A,/timetable/slbssbdr.do?value(risyunen)=2017&value(semekikn)=1&value(kougicd)=BT677&value(crclumcd)=
ESP-A,/timetable/slbssbdr.do?value(risyunen)=2017&value(semekikn)=1&value(kougicd)=BT678&value(crclumcd)=
イノベーション・マネジメント,/timetable/slbssbdr.do?value(risyunen)=2017&value(semekikn)=1&value(kougicd)=BT114&value(crclumcd)=
Global Strategic Management,/timetable/slbssbdr.do?value(risyunen)=2017&value(semekikn)=1&value(kougicd)=BT168&value(crclumcd)=
組織マネジメント,/timetable/slbssbdr.do?value(risyunen)=2017&value(semekikn)=1&value(kougicd)=BT022&value(crclumcd)=
卒論演習2,/timetable/slbssbdr.do?value(risyunen)=2017&value(semekikn)=1&value(kougicd)=BT566&value(crclumcd)=
ビジネスロー,/timetable/slbssbdr.do?value(risyunen)=2017&value(semekikn)=1&value(kougicd)=BT071&value(crclumcd)=
Leadership in Global Organization,/timetable/slbssbdr.do?value(risyunen)=2017&value(semekikn)=1&value(kougicd)=BT166&value(crclumcd)=
Topics in Business 4,/timetable/slbssbdr.do?value(risyunen)=2017&value(semekikn)=1&value(kougicd)=BT239&value(crclumcd)=
BL3-C,/timetable/slbssbdr.do?value(risyunen)=2017&value(semekikn)=1&value(kougicd)=BT630&value(crclumcd)=
会計学入門,/timetable/slbssbdr.do?value(risyunen)=2017&value(semekikn)=1&value(kougicd)=BT014&value(crclumcd)=
会計学入門,/timetable/slbssbdr.do?value(risyunen)=2017&value(semekikn)=1&value(kougicd)=BT016&value(crclumcd)=
経済学入門,/timetable/slbssbdr.do?value(risyunen)=2017&value(semekikn)=1&value(kougicd)=BT005&value(crclumcd)=
ビジネス概論B,/timetable/slbssbdr.do?value(risyunen)=2017&value(semekikn)=1&value(kougicd)=BT007&value(crclumcd)=
ビジネス概論B,/timetable/slbssbdr.do?value(risyunen)=2017&value(semekikn)=1&value(kougicd)=BT008&value(crclumcd)=
マクロ経済学,/timetable/slbssbdr.do?value(risyunen)=2017&value(semekikn)=1&value(kougicd)=BT037&value(crclumcd)=
マクロ経済学,/timetable/slbssbdr.do?value(risyunen)=2017&value(semekikn)=1&value(kougicd)=BT038&value(crclumcd)=
リテイル・マーケティング,/timetable/slbssbdr.do?value(risyunen)=2017&value(semekikn)=1&value(kougicd)=BT123&value(crclumcd)=
流通システム論,/timetable/slbssbdr.do?value(risyunen)=2017&value(semekikn)=1&value(kougicd)=BT124&value(crclumcd)=
会計学入門,/timetable/slbssbdr.do?value(risyunen)=2017&value(semekikn)=1&value(kougicd)=BT015&value(crclumcd)=
会計学入門,/timetable/slbssbdr.do?value(risyunen)=2017&value(semekikn)=1&value(kougicd)=BT017&value(crclumcd)=
管理会計,/timetable/slbssbdr.do?value(risyunen)=2017&value(semekikn)=1&value(kougicd)=BT151&value(crclumcd)=
経済学入門,/timetable/slbssbdr.do?value(risyunen)=2017&value(semekikn)=1&value(kougicd)=BT006&value(crclumcd)=
CSR,/timetable/slbssbdr.do?value(risyunen)=2017&value(semekikn)=1&value(kougicd)=BT082&value(crclumcd)=
卒論演習1,/timetable/slbssbdr.do?value(risyunen)=2017&value(semekikn)=1&value(kougicd)=BT502&value(crclumcd)=
卒論演習1,/timetable/slbssbdr.do?value(risyunen)=2017&value(semekikn)=1&value(kougicd)=BT519&value(crclumcd)=
卒論演習2,/timetable/slbssbdr.do?value(risyunen)=2017&value(semekikn)=1&value(kougicd)=BT552&value(crclumcd)=
卒論演習2,/timetable/slbssbdr.do?value(risyunen)=2017&value(semekikn)=1&value(kougicd)=BT569&value(crclumcd)=
ビジネス・ケーススタディ,/timetable/slbssbdr.do?value(risyunen)=2017&value(semekikn)=1&value(kougicd)=BT134&value(crclumcd)=
Language and Culture,/timetable/slbssbdr.do?value(risyunen)=2017&value(semekikn)=1&value(kougicd)=BT207&value(crclumcd)=
異文化コミュニケーション論,/timetable/slbssbdr.do?value(risyunen)=2017&value(semekikn)=1&value(kougicd)=BT212&value(crclumcd)=
異文化コミュニケーション論,/timetable/slbssbdr.do?value(risyunen)=2017&value(semekikn)=1&value(kougicd)=BT213&value(crclumcd)=
オーガニゼーション・リサーチ,/timetable/slbssbdr.do?value(risyunen)=2017&value(semekikn)=1&value(kougicd)=BT133&value(crclumcd)=
卒論演習1,/timetable/slbssbdr.do?value(risyunen)=2017&value(semekikn)=1&value(kougicd)=BT510&value(crclumcd)=
卒論演習1,/timetable/slbssbdr.do?value(risyunen)=2017&value(semekikn)=1&value(kougicd)=BT516&value(crclumcd)=
卒論演習1,/timetable/slbssbdr.do?value(risyunen)=2017&value(semekikn)=1&value(kougicd)=BT517&value(crclumcd)=
卒論演習2,/timetable/slbssbdr.do?value(risyunen)=2017&value(semekikn)=1&value(kougicd)=BT560&value(crclumcd)=
卒論演習2,/timetable/slbssbdr.do?value(risyunen)=2017&value(semekikn)=1&value(kougicd)=BT567&value(crclumcd)=
2年次演習1,/timetable/slbssbdr.do?value(risyunen)=2017&value(semekikn)=1&value(kougicd)=BT302&value(crclumcd)=
2年次演習1,/timetable/slbssbdr.do?value(risyunen)=2017&value(semekikn)=1&value(kougicd)=BT304&value(crclumcd)=
2年次演習1,/timetable/slbssbdr.do?value(risyunen)=2017&value(semekikn)=1&value(kougicd)=BT306&value(crclumcd)=
2年次演習1,/timetable/slbssbdr.do?value(risyunen)=2017&value(semekikn)=1&value(kougicd)=BT313&value(crclumcd)=
2年次演習1,/timetable/slbssbdr.do?value(risyunen)=2017&value(semekikn)=1&value(kougicd)=BT319&value(crclumcd)=
2年次演習1,/timetable/slbssbdr.do?value(risyunen)=2017&value(semekikn)=1&value(kougicd)=BT322&value(crclumcd)=
2年次演習2,/timetable/slbssbdr.do?value(risyunen)=2017&value(semekikn)=1&value(kougicd)=BT352&value(crclumcd)=
2年次演習2,/timetable/slbssbdr.do?value(risyunen)=2017&value(semekikn)=1&value(kougicd)=BT354&value(crclumcd)=
2年次演習2,/timetable/slbssbdr.do?value(risyunen)=2017&value(semekikn)=1&value(kougicd)=BT356&value(crclumcd)=
2年次演習2,/timetable/slbssbdr.do?value(risyunen)=2017&value(semekikn)=1&value(kougicd)=BT363&value(crclumcd)=
2年次演習2,/timetable/slbssbdr.do?value(risyunen)=2017&value(semekikn)=1&value(kougicd)=BT369&value(crclumcd)=
2年次演習2,/timetable/slbssbdr.do?value(risyunen)=2017&value(semekikn)=1&value(kougicd)=BT372&value(crclumcd)=
Business and Society in Asia,/timetable/slbssbdr.do?value(risyunen)=2017&value(semekikn)=1&value(kougicd)=BT209&value(crclumcd)=
Business Communication,/timetable/slbssbdr.do?value(risyunen)=2017&value(semekikn)=1&value(kougicd)=BT211&value(crclumcd)=
マーケティング・リサーチ,/timetable/slbssbdr.do?value(risyunen)=2017&value(semekikn)=1&value(kougicd)=BT025&value(crclumcd)=
ワークショップ演習F,/timetable/slbssbdr.do?value(risyunen)=2017&value(semekikn)=1&value(kougicd)=BT286&value(crclumcd)=
ワークショップ演習B,/timetable/slbssbdr.do?value(risyunen)=2017&value(semekikn)=1&value(kougicd)=BT282&value(crclumcd)=
3年次演習1,/timetable/slbssbdr.do?value(risyunen)=2017&value(semekikn)=1&value(kougicd)=BT401&value(crclumcd)=
3年次演習1,/timetable/slbssbdr.do?value(risyunen)=2017&value(semekikn)=1&value(kougicd)=BT402&value(crclumcd)=
