ECX1310,統計学２,櫻本　健,秋・木・５ M301,/timetable/slbssbdr.do?value(risyunen)=2017&value(semekikn)=1&value(kougicd)=BX294&value(crclumcd)=
ECX2020,企画講座２,原田　祐平,春・金・１ X201,/timetable/slbssbdr.do?value(risyunen)=2017&value(semekikn)=1&value(kougicd)=BX393&value(crclumcd)=
ECX2110,経済原論Ｂ,木村　雄一,通年・金・１ 5321,/timetable/slbssbdr.do?value(risyunen)=2017&value(semekikn)=1&value(kougicd)=BX091&value(crclumcd)=
ECX2110,経済原論Ｂ,木村　雄一,通年・金・１ 5321,/timetable/slbssbdr.do?value(risyunen)=2017&value(semekikn)=1&value(kougicd)=BX092&value(crclumcd)=
ECX1410,国際経済論,蓮見　雄,秋・金・１ MB01,/timetable/slbssbdr.do?value(risyunen)=2017&value(semekikn)=1&value(kougicd)=BX192&value(crclumcd)=
ECX1410,世界経済論,蓮見　雄,春・金・１ MB01,/timetable/slbssbdr.do?value(risyunen)=2017&value(semekikn)=1&value(kougicd)=BX193&value(crclumcd)=
ECX3710,アメリカ経済史,水野　里香,春・金・２ D501,/timetable/slbssbdr.do?value(risyunen)=2017&value(semekikn)=1&value(kougicd)=BX129&value(crclumcd)=
ECX3210,近代経済学説史,明石　茂生,春・金・２ 5305,/timetable/slbssbdr.do?value(risyunen)=2017&value(semekikn)=1&value(kougicd)=BX115&value(crclumcd)=
ECX3710,現代アメリカ経済史,水野　里香,秋・金・２ D501,/timetable/slbssbdr.do?value(risyunen)=2017&value(semekikn)=1&value(kougicd)=BX130&value(crclumcd)=
ECX1110,経済学,田中　泉,通年・金・２ 5222,/timetable/slbssbdr.do?value(risyunen)=2017&value(semekikn)=1&value(kougicd)=BX007&value(crclumcd)=
ECX3110,国際政治経済学,磯谷　玲,秋・金・２ 8304,/timetable/slbssbdr.do?value(risyunen)=2017&value(semekikn)=1&value(kougicd)=BX204&value(crclumcd)=
ECX9053,Short-term Study Abroad Program in Economics (AUS),小澤　康裕,秋・金・２ 5304,/timetable/slbssbdr.do?value(risyunen)=2017&value(semekikn)=1&value(kougicd)=BX593&value(crclumcd)=
ECX9053,Short-term Study Abroad Program in Economics (PHL),郭　洋春,秋・金・２ 5305,/timetable/slbssbdr.do?value(risyunen)=2017&value(semekikn)=1&value(kougicd)=BX594&value(crclumcd)=
ECX3010,地方自治論,稲垣　浩,春・金・２ D301,/timetable/slbssbdr.do?value(risyunen)=2017&value(semekikn)=1&value(kougicd)=BX329&value(crclumcd)=
ECX2910,会計学,山田　康裕,通年・金・３ 8101,/timetable/slbssbdr.do?value(risyunen)=2017&value(semekikn)=1&value(kougicd)=BX067&value(crclumcd)=
ECX2910,会計学１,山田　康裕,春・金・３ 8101,/timetable/slbssbdr.do?value(risyunen)=2017&value(semekikn)=1&value(kougicd)=BX063&value(crclumcd)=
ECX2910,会計学１,山田　康裕,春・金・３ 8101,/timetable/slbssbdr.do?value(risyunen)=2017&value(semekikn)=1&value(kougicd)=BX065&value(crclumcd)=
ECX2910,会計学２,山田　康裕,秋・金・３ 8101,/timetable/slbssbdr.do?value(risyunen)=2017&value(semekikn)=1&value(kougicd)=BX064&value(crclumcd)=
ECX2910,会計学２,山田　康裕,秋・金・３ 8101,/timetable/slbssbdr.do?value(risyunen)=2017&value(semekikn)=1&value(kougicd)=BX066&value(crclumcd)=
ECX2010,企業法１,森川　隆,春・金・３ 5221,/timetable/slbssbdr.do?value(risyunen)=2017&value(semekikn)=1&value(kougicd)=BX305&value(crclumcd)=
ECX2010,企業法２,森川　隆,秋・金・３ 5221,/timetable/slbssbdr.do?value(risyunen)=2017&value(semekikn)=1&value(kougicd)=BX306&value(crclumcd)=
ECX1110,経済数学入門,田中　泉,秋・金・３ 5124,/timetable/slbssbdr.do?value(risyunen)=2017&value(semekikn)=1&value(kougicd)=BX011&value(crclumcd)=
ECX1110,経済数学入門,田中　泉,春・金・３ 5222,/timetable/slbssbdr.do?value(risyunen)=2017&value(semekikn)=1&value(kougicd)=BX012&value(crclumcd)=
ECX3010,職業指導概論,望月　厚志,通年・金・３ 9B01,/timetable/slbssbdr.do?value(risyunen)=2017&value(semekikn)=1&value(kougicd)=BX310&value(crclumcd)=
EPS1510,政策分析概論,池上　岳彦櫻井　公人菅沼　隆関口　智遠山　恭司田島　夏与厳　成男,春・金・３ AB01,/timetable/slbssbdr.do?value(risyunen)=2017&value(semekikn)=1&value(kougicd)=BX008&value(crclumcd)=
LPX2600,行政学１,原田　久,春・金・４ D301,/timetable/slbssbdr.do?value(risyunen)=2017&value(semekikn)=1&value(kougicd)=BX556&value(crclumcd)=
LPX2600,行政学２,原田　久,秋・金・４ D501,/timetable/slbssbdr.do?value(risyunen)=2017&value(semekikn)=1&value(kougicd)=BX557&value(crclumcd)=
ECX2033,経済英語４,岩田　達明,春・金・４ 4405,/timetable/slbssbdr.do?value(risyunen)=2017&value(semekikn)=1&value(kougicd)=BX569&value(crclumcd)=
ECX2110,経済原論Ａ,小西　一雄,通年・金・４ M301,/timetable/slbssbdr.do?value(risyunen)=2017&value(semekikn)=1&value(kougicd)=BX085&value(crclumcd)=
ECX2110,経済原論Ａ,小西　一雄,通年・金・４ M301,/timetable/slbssbdr.do?value(risyunen)=2017&value(semekikn)=1&value(kougicd)=BX086&value(crclumcd)=
ECX2020,ゼミナール　Ａ,櫻本　健,通年・金・４ 6405,/timetable/slbssbdr.do?value(risyunen)=2017&value(semekikn)=1&value(kougicd)=BX601&value(crclumcd)=
ECX2020,ゼミナール　Ａ,首藤　若菜,通年・金・４ 4152,/timetable/slbssbdr.do?value(risyunen)=2017&value(semekikn)=1&value(kougicd)=BX614&value(crclumcd)=
ECX2020,ゼミナール　Ａ,安藤　道人,通年・金・４ 7203,/timetable/slbssbdr.do?value(risyunen)=2017&value(semekikn)=1&value(kougicd)=BX624&value(crclumcd)=
ECX2020,ゼミナール　Ａ,山田　康裕,通年・金・４ 9B01,/timetable/slbssbdr.do?value(risyunen)=2017&value(semekikn)=1&value(kougicd)=BX627&value(crclumcd)=
ECX2020,ゼミナール　Ａ,一ノ瀬　大輔,通年・金・４ 5509,/timetable/slbssbdr.do?value(risyunen)=2017&value(semekikn)=1&value(kougicd)=BX657&value(crclumcd)=
ECX2020,ゼミナール　Ａ,郭　洋春,通年・金・４ 4411,/timetable/slbssbdr.do?value(risyunen)=2017&value(semekikn)=1&value(kougicd)=BX707&value(crclumcd)=
ECX2020,ゼミナール　Ａ,山口　義行,通年・金・４ 4407,/timetable/slbssbdr.do?value(risyunen)=2017&value(semekikn)=1&value(kougicd)=BX727&value(crclumcd)=
ECX3610,保険論,岡村　国和,秋・金・４ 8303,/timetable/slbssbdr.do?value(risyunen)=2017&value(semekikn)=1&value(kougicd)=BX236&value(crclumcd)=
ECX3510,環境政策論,北風　亮,春・金・５ X305,/timetable/slbssbdr.do?value(risyunen)=2017&value(semekikn)=1&value(kougicd)=BX149&value(crclumcd)=
0104113,経済分析演習Ａ,田中　泉,春・金・５ 5308,/timetable/slbssbdr.do?value(risyunen)=2017&value(semekikn)=1&value(kougicd)=BX420&value(crclumcd)=
0104113,経済分析演習Ｂ,田中　泉,秋・金・５ 5308,/timetable/slbssbdr.do?value(risyunen)=2017&value(semekikn)=1&value(kougicd)=BX422&value(crclumcd)=
ECX3020,ゼミナ－ル（単年度）,佐々木　優,通年・金・５ 4254,/timetable/slbssbdr.do?value(risyunen)=2017&value(semekikn)=1&value(kougicd)=BX482&value(crclumcd)=
ECX2020,ゼミナール　Ｂ,櫻本　健,通年・金・５ 6405,/timetable/slbssbdr.do?value(risyunen)=2017&value(semekikn)=1&value(kougicd)=BX602&value(crclumcd)=
ECX2020,ゼミナール　Ｂ,首藤　若菜,通年・金・５ 4152,/timetable/slbssbdr.do?value(risyunen)=2017&value(semekikn)=1&value(kougicd)=BX615&value(crclumcd)=
ECX2020,ゼミナール　Ｂ,安藤　道人,通年・金・５ 7203,/timetable/slbssbdr.do?value(risyunen)=2017&value(semekikn)=1&value(kougicd)=BX625&value(crclumcd)=
ECX2020,ゼミナール　Ｂ,山田　康裕,通年・金・５ 9B01,/timetable/slbssbdr.do?value(risyunen)=2017&value(semekikn)=1&value(kougicd)=BX628&value(crclumcd)=
ECX2020,ゼミナール　Ｂ,一ノ瀬　大輔,通年・金・５ 5509,/timetable/slbssbdr.do?value(risyunen)=2017&value(semekikn)=1&value(kougicd)=BX658&value(crclumcd)=
ECX2020,ゼミナール　Ｂ,郭　洋春,通年・金・５ 4411,/timetable/slbssbdr.do?value(risyunen)=2017&value(semekikn)=1&value(kougicd)=BX708&value(crclumcd)=
ECX2020,ゼミナール　Ｂ,山口　義行,通年・金・５ 4407,/timetable/slbssbdr.do?value(risyunen)=2017&value(semekikn)=1&value(kougicd)=BX728&value(crclumcd)=
ECX3610,金融工学,真壁　昭夫,秋・土・１ AB01,/timetable/slbssbdr.do?value(risyunen)=2017&value(semekikn)=1&value(kougicd)=BX152&value(crclumcd)=
ECX2910,タックス・プランニング,神尾　篤史,秋・土・２ D301,/timetable/slbssbdr.do?value(risyunen)=2017&value(semekikn)=1&value(kougicd)=BX266&value(crclumcd)=
ECX2510,消費者政策論,尾崎　裕子,春・土・２ D301,/timetable/slbssbdr.do?value(risyunen)=2017&value(semekikn)=1&value(kougicd)=BX170&value(crclumcd)=
EPS2340,政策情報処理Ａ,小西　純,春・土・２ 8301,/timetable/slbssbdr.do?value(risyunen)=2017&value(semekikn)=1&value(kougicd)=BX371&value(crclumcd)=
EPS2340,政策情報処理Ｂ,小西　純,秋・土・２ 8301,/timetable/slbssbdr.do?value(risyunen)=2017&value(semekikn)=1&value(kougicd)=BX372&value(crclumcd)=
ECX2010,政治学,新谷　卓,秋・土・２ 9B01,/timetable/slbssbdr.do?value(risyunen)=2017&value(semekikn)=1&value(kougicd)=BX803&value(crclumcd)=
ECX3610,ポートフォリオ論,真壁　昭夫,秋・土・２ AB01,/timetable/slbssbdr.do?value(risyunen)=2017&value(semekikn)=1&value(kougicd)=BX153&value(crclumcd)=
