GRL2812,ドイツ語基礎演習3b,鈴木　里香,春・月・１ 7302,/timetable/slbssbdr.do?value(risyunen)=2017&value(semekikn)=1&value(kougicd)=AN052&value(crclumcd)=
GRL2812,ドイツ語基礎演習5c,鈴木　里香,秋・月・１ 8505,/timetable/slbssbdr.do?value(risyunen)=2017&value(semekikn)=1&value(kougicd)=AN073&value(crclumcd)=
GRL2812,ドイツ語基礎演習4b,鈴木　里香,秋・月・２ 8505,/timetable/slbssbdr.do?value(risyunen)=2017&value(semekikn)=1&value(kougicd)=AN062&value(crclumcd)=
GRL3810,ドイツ文学･文化演習5,小野　あさよ,春・月・２ 7205,/timetable/slbssbdr.do?value(risyunen)=2017&value(semekikn)=1&value(kougicd)=AN215&value(crclumcd)=
GRL3800,文学講義160,矢羽々　崇,秋・月・２ 5122,/timetable/slbssbdr.do?value(risyunen)=2017&value(semekikn)=1&value(kougicd)=AN360&value(crclumcd)=
GRL3800,文学講義162,石田　雄一,春・月・２ 5223,/timetable/slbssbdr.do?value(risyunen)=2017&value(semekikn)=1&value(kougicd)=AN362&value(crclumcd)=
GRL3810,ドイツ文学･文化演習12,渡部　重美,秋・月・３ 6406,/timetable/slbssbdr.do?value(risyunen)=2017&value(semekikn)=1&value(kougicd)=AN222&value(crclumcd)=
GRL3810,ドイツ文学･文化演習2,渡部　重美,秋・月・３ 6406,/timetable/slbssbdr.do?value(risyunen)=2017&value(semekikn)=1&value(kougicd)=AN212&value(crclumcd)=
GRL3800,文学講義115,柚木　理子,秋・月・３ 5323,/timetable/slbssbdr.do?value(risyunen)=2017&value(semekikn)=1&value(kougicd)=AN315&value(crclumcd)=
GRL2812,ドイツ語基礎演習1a,ケルン，Ｄ．Ｓ．,春・月・４ D601,/timetable/slbssbdr.do?value(risyunen)=2017&value(semekikn)=1&value(kougicd)=AN031&value(crclumcd)=
GRL3810,ドイツ文学･文化演習3,吉原　素子,春・月・４ 1104,/timetable/slbssbdr.do?value(risyunen)=2017&value(semekikn)=1&value(kougicd)=AN243&value(crclumcd)=
GRL3810,演習C10,吉原　素子,秋・月・５ 1104,/timetable/slbssbdr.do?value(risyunen)=2017&value(semekikn)=1&value(kougicd)=AN110&value(crclumcd)=
GRL3810,演習C9,吉原　素子,春・月・５ 1104,/timetable/slbssbdr.do?value(risyunen)=2017&value(semekikn)=1&value(kougicd)=AN109&value(crclumcd)=
GRL2812,ドイツ語基礎演習1c,シュヴァルツ,春・火・１ D601,/timetable/slbssbdr.do?value(risyunen)=2017&value(semekikn)=1&value(kougicd)=AN033&value(crclumcd)=
GRL3812,ドイツ語表現演習1A,シュヴァルツ,秋・火・１ 6206,/timetable/slbssbdr.do?value(risyunen)=2017&value(semekikn)=1&value(kougicd)=AN201&value(crclumcd)=
GRL1810,ドイツ語入門1a,井出　万秀,春・火・２ D602,/timetable/slbssbdr.do?value(risyunen)=2017&value(semekikn)=1&value(kougicd)=AN081&value(crclumcd)=
GRL1810,ドイツ語入門1b,吉村　暁子,春・火・２ 1102,/timetable/slbssbdr.do?value(risyunen)=2017&value(semekikn)=1&value(kougicd)=AN082&value(crclumcd)=
GRL1810,ドイツ語入門1c,馬場　浩平,春・火・２ 5215,/timetable/slbssbdr.do?value(risyunen)=2017&value(semekikn)=1&value(kougicd)=AN083&value(crclumcd)=
GRL1810,ドイツ語入門3b,井出　万秀,秋・火・２ 1102,/timetable/slbssbdr.do?value(risyunen)=2017&value(semekikn)=1&value(kougicd)=AN088&value(crclumcd)=
GRL1810,ドイツ語入門3c,吉村　暁子,秋・火・２ 5215,/timetable/slbssbdr.do?value(risyunen)=2017&value(semekikn)=1&value(kougicd)=AN089&value(crclumcd)=
GRL3810,ドイツ語表現演習6,小野　あさよ,秋・火・２ 6209,/timetable/slbssbdr.do?value(risyunen)=2017&value(semekikn)=1&value(kougicd)=AN210&value(crclumcd)=
GRL3810,ドイツ文学･文化演習16,小野　あさよ,春・火・２ 6209,/timetable/slbssbdr.do?value(risyunen)=2017&value(semekikn)=1&value(kougicd)=AN226&value(crclumcd)=
GRL2812,ドイツ語基礎演習1b,シュヴァルツ,春・火・３ D601,/timetable/slbssbdr.do?value(risyunen)=2017&value(semekikn)=1&value(kougicd)=AN032&value(crclumcd)=
GRL2812,ドイツ語基礎演習3a,馬場　浩平,春・火・３ D602,/timetable/slbssbdr.do?value(risyunen)=2017&value(semekikn)=1&value(kougicd)=AN051&value(crclumcd)=
GRL2812,ドイツ語基礎演習4c,井口　三奈子,秋・火・３ 8501,/timetable/slbssbdr.do?value(risyunen)=2017&value(semekikn)=1&value(kougicd)=AN063&value(crclumcd)=
GRL1810,ドイツ語入門3a,馬場　浩平,秋・火・３ D602,/timetable/slbssbdr.do?value(risyunen)=2017&value(semekikn)=1&value(kougicd)=AN087&value(crclumcd)=
GRL3812,ドイツ語表現演習2A,シュヴァルツ,秋・火・３ 6205,/timetable/slbssbdr.do?value(risyunen)=2017&value(semekikn)=1&value(kougicd)=AN203&value(crclumcd)=
GRL3800,文学講義157,藤井　明彦,秋・火・３ 5124,/timetable/slbssbdr.do?value(risyunen)=2017&value(semekikn)=1&value(kougicd)=AN357&value(crclumcd)=
GRL3810,ドイツ文学･文化演習8,辻　朋季,秋・火・４ 7205,/timetable/slbssbdr.do?value(risyunen)=2017&value(semekikn)=1&value(kougicd)=AN249&value(crclumcd)=
GRL3300,文学講義106,川中子　義勝,春・火・４ M201,/timetable/slbssbdr.do?value(risyunen)=2017&value(semekikn)=1&value(kougicd)=AN306&value(crclumcd)=
GRL3812,ドイツ語表現演習4A,シュヴァルツ,秋・水・１ 6209,/timetable/slbssbdr.do?value(risyunen)=2017&value(semekikn)=1&value(kougicd)=AN207&value(crclumcd)=
GRL2812,ドイツ語基礎演習4a,小野　あさよ,秋・水・２ D601,/timetable/slbssbdr.do?value(risyunen)=2017&value(semekikn)=1&value(kougicd)=AN061&value(crclumcd)=
GRL3810,ドイツ文学･文化演習8,前田　良三,春・水・２ D602,/timetable/slbssbdr.do?value(risyunen)=2017&value(semekikn)=1&value(kougicd)=AN218&value(crclumcd)=
GRL3810,ドイツ文学･文化演習8,前田　良三,春・水・２ D602,/timetable/slbssbdr.do?value(risyunen)=2017&value(semekikn)=1&value(kougicd)=AN248&value(crclumcd)=
GRL3800,文学講義161,坂本　貴志,秋・水・２ 4339,/timetable/slbssbdr.do?value(risyunen)=2017&value(semekikn)=1&value(kougicd)=AN361&value(crclumcd)=
GRL3810,ドイツ語表現演習5,小野　あさよ,春・水・４ 6209,/timetable/slbssbdr.do?value(risyunen)=2017&value(semekikn)=1&value(kougicd)=AN209&value(crclumcd)=
GRL3810,ドイツ文学･文化演習2,渡辺　学,秋・水・４ 7205,/timetable/slbssbdr.do?value(risyunen)=2017&value(semekikn)=1&value(kougicd)=AN242&value(crclumcd)=
GRL3810,ドイツ文学･文化演習17,平井　敏雄,秋・水・５ 7205,/timetable/slbssbdr.do?value(risyunen)=2017&value(semekikn)=1&value(kougicd)=AN227&value(crclumcd)=
GRL3810,ドイツ文学･文化演習7,平井　敏雄,秋・水・５ 7205,/timetable/slbssbdr.do?value(risyunen)=2017&value(semekikn)=1&value(kougicd)=AN217&value(crclumcd)=
GRL3400,文学講義101,黒田　享,秋・水・５ X106,/timetable/slbssbdr.do?value(risyunen)=2017&value(semekikn)=1&value(kougicd)=AN301&value(crclumcd)=
GRL3400,文学講義105,平井　敏雄,春・水・５ A201,/timetable/slbssbdr.do?value(risyunen)=2017&value(semekikn)=1&value(kougicd)=AN305&value(crclumcd)=
GRL1810,ドイツ語入門2b,吉村　暁子,春・木・１ D601,/timetable/slbssbdr.do?value(risyunen)=2017&value(semekikn)=1&value(kougicd)=AN085&value(crclumcd)=
GRL1810,ドイツ語入門2c,馬場　浩平,春・木・１ D602,/timetable/slbssbdr.do?value(risyunen)=2017&value(semekikn)=1&value(kougicd)=AN086&value(crclumcd)=
GRL1810,ドイツ語入門4a,馬場　浩平,秋・木・１ D601,/timetable/slbssbdr.do?value(risyunen)=2017&value(semekikn)=1&value(kougicd)=AN090&value(crclumcd)=
GRL1810,ドイツ語入門4c,吉村　暁子,秋・木・１ D602,/timetable/slbssbdr.do?value(risyunen)=2017&value(semekikn)=1&value(kougicd)=AN092&value(crclumcd)=
GRL3812,ドイツ語表現演習2B,シュヴァルツ,秋・木・１ 6406,/timetable/slbssbdr.do?value(risyunen)=2017&value(semekikn)=1&value(kougicd)=AN204&value(crclumcd)=
GRL3812,ドイツ語表現演習3A,シュヴァルツ,春・木・１ 6406,/timetable/slbssbdr.do?value(risyunen)=2017&value(semekikn)=1&value(kougicd)=AN205&value(crclumcd)=
GRL2812,ドイツ語基礎演習2b,シュヴァルツ,春・木・２ D601,/timetable/slbssbdr.do?value(risyunen)=2017&value(semekikn)=1&value(kougicd)=AN042&value(crclumcd)=
GRL3812,ドイツ語表現演習1B,シュヴァルツ,秋・木・２ 6209,/timetable/slbssbdr.do?value(risyunen)=2017&value(semekikn)=1&value(kougicd)=AN202&value(crclumcd)=
GRL3810,ドイツ文学･文化演習4,副島　博彦,秋・木・２ 6305,/timetable/slbssbdr.do?value(risyunen)=2017&value(semekikn)=1&value(kougicd)=AN214&value(crclumcd)=
GRL2812,ドイツ語基礎演習2a,ケルン，Ｄ．Ｓ．,春・木・３ D601,/timetable/slbssbdr.do?value(risyunen)=2017&value(semekikn)=1&value(kougicd)=AN041&value(crclumcd)=
GRL2812,ドイツ語基礎演習3c,高木　葉子,春・木・３ D602,/timetable/slbssbdr.do?value(risyunen)=2017&value(semekikn)=1&value(kougicd)=AN053&value(crclumcd)=
GRL2812,ドイツ語基礎演習5a,馬場　浩平,秋・木・３ D602,/timetable/slbssbdr.do?value(risyunen)=2017&value(semekikn)=1&value(kougicd)=AN071&value(crclumcd)=
GRL2812,ドイツ語基礎演習5b,高木　葉子,秋・木・３ D601,/timetable/slbssbdr.do?value(risyunen)=2017&value(semekikn)=1&value(kougicd)=AN072&value(crclumcd)=
GRL3310,ドイツ文学･文化演習1,畠山　寛,秋・木・３ 7204,/timetable/slbssbdr.do?value(risyunen)=2017&value(semekikn)=1&value(kougicd)=AN211&value(crclumcd)=
GRL3800,文学講義108,小野　あさよ,秋・木・３ A203,/timetable/slbssbdr.do?value(risyunen)=2017&value(semekikn)=1&value(kougicd)=AN308&value(crclumcd)=
GRL3812,ドイツ語表現演習3B,クラウス，Ｍ．,春・木・４ 6205,/timetable/slbssbdr.do?value(risyunen)=2017&value(semekikn)=1&value(kougicd)=AN206&value(crclumcd)=
GRL3812,ドイツ語表現演習4B,クラウス，Ｍ．,秋・木・４ D603,/timetable/slbssbdr.do?value(risyunen)=2017&value(semekikn)=1&value(kougicd)=AN208&value(crclumcd)=
GRL4840,卒業論文(制作)･卒業論文(制作)指導演習,シュヴァルツ,通年・木・５ X108,/timetable/slbssbdr.do?value(risyunen)=2017&value(semekikn)=1&value(kougicd)=AN781&value(crclumcd)=
GRL2812,ドイツ語基礎演習2c,シュヴァルツ,春・金・１ 6406,/timetable/slbssbdr.do?value(risyunen)=2017&value(semekikn)=1&value(kougicd)=AN043&value(crclumcd)=
GRL1810,ドイツ語入門2a,井出　万秀,春・金・１ 6405,/timetable/slbssbdr.do?value(risyunen)=2017&value(semekikn)=1&value(kougicd)=AN084&value(crclumcd)=
GRL1810,ドイツ語入門4b,井出　万秀,秋・金・１ 6405,/timetable/slbssbdr.do?value(risyunen)=2017&value(semekikn)=1&value(kougicd)=AN091&value(crclumcd)=
GRL3810,ドイツ文学･文化演習18,飯田　道子,春・金・２ 7205,/timetable/slbssbdr.do?value(risyunen)=2017&value(semekikn)=1&value(kougicd)=AN228&value(crclumcd)=
GRL3800,文学講義168,村瀬　天出夫,秋・金・２ X309,/timetable/slbssbdr.do?value(risyunen)=2017&value(semekikn)=1&value(kougicd)=AN368&value(crclumcd)=
GRL1810,入門演習C1a,馬場　浩平,春・金・３ 6210,/timetable/slbssbdr.do?value(risyunen)=2017&value(semekikn)=1&value(kougicd)=AN011&value(crclumcd)=
GRL1810,入門演習C1b,坂本　貴志,春・金・３ 6408,/timetable/slbssbdr.do?value(risyunen)=2017&value(semekikn)=1&value(kougicd)=AN012&value(crclumcd)=
GRL1810,入門演習C1c,前田　良三,春・金・３ 6409,/timetable/slbssbdr.do?value(risyunen)=2017&value(semekikn)=1&value(kougicd)=AN013&value(crclumcd)=
GRL1810,入門演習C2a,副島　博彦,秋・金・３ 6210,/timetable/slbssbdr.do?value(risyunen)=2017&value(semekikn)=1&value(kougicd)=AN021&value(crclumcd)=
GRL1810,入門演習C2b,馬場　浩平,秋・金・３ 6408,/timetable/slbssbdr.do?value(risyunen)=2017&value(semekikn)=1&value(kougicd)=AN022&value(crclumcd)=
GRL1810,入門演習C2c,坂本　貴志,秋・金・３ 6409,/timetable/slbssbdr.do?value(risyunen)=2017&value(semekikn)=1&value(kougicd)=AN023&value(crclumcd)=
GRL3800,文学講義164,江口　直光,秋・金・４ 8304,/timetable/slbssbdr.do?value(risyunen)=2017&value(semekikn)=1&value(kougicd)=AN364&value(crclumcd)=
GRL3810,演習C11,坂本　貴志,春・金・５ 7204,/timetable/slbssbdr.do?value(risyunen)=2017&value(semekikn)=1&value(kougicd)=AN111&value(crclumcd)=
GRL3810,演習C12,坂本　貴志,秋・金・５ 7204,/timetable/slbssbdr.do?value(risyunen)=2017&value(semekikn)=1&value(kougicd)=AN112&value(crclumcd)=
GRL3810,演習C3,林　志津江,春・金・５ D602,/timetable/slbssbdr.do?value(risyunen)=2017&value(semekikn)=1&value(kougicd)=AN103&value(crclumcd)=
GRL3810,演習C4,副島　博彦,秋・金・５ D602,/timetable/slbssbdr.do?value(risyunen)=2017&value(semekikn)=1&value(kougicd)=AN104&value(crclumcd)=
GRL3810,演習C5,前田　良三,春・金・５ D603,/timetable/slbssbdr.do?value(risyunen)=2017&value(semekikn)=1&value(kougicd)=AN105&value(crclumcd)=
GRL3810,演習C6,美留町　義雄,秋・金・５ D603,/timetable/slbssbdr.do?value(risyunen)=2017&value(semekikn)=1&value(kougicd)=AN106&value(crclumcd)=
GRL3810,演習C7,井出　万秀,春・金・５ D601,/timetable/slbssbdr.do?value(risyunen)=2017&value(semekikn)=1&value(kougicd)=AN107&value(crclumcd)=
GRL3810,演習C8,井出　万秀,秋・金・５ D601,/timetable/slbssbdr.do?value(risyunen)=2017&value(semekikn)=1&value(kougicd)=AN108&value(crclumcd)=
GRL4840,卒業論文(制作)･卒業論文(制作)指導演習,井出　万秀,通年・金・６ 5201,/timetable/slbssbdr.do?value(risyunen)=2017&value(semekikn)=1&value(kougicd)=AN782&value(crclumcd)=
GRL4840,卒業論文(制作)･卒業論文(制作)指導演習,前田　良三副島　博彦,通年・金・６ 5202,/timetable/slbssbdr.do?value(risyunen)=2017&value(semekikn)=1&value(kougicd)=AN783&value(crclumcd)=
GRL4840,卒業論文(制作)･卒業論文(制作)指導演習,坂本　貴志,通年・金・６ 5308,/timetable/slbssbdr.do?value(risyunen)=2017&value(semekikn)=1&value(kougicd)=AN785&value(crclumcd)=
GRL3800,文学講義116,富山　典彦,春・土・２ 4341,/timetable/slbssbdr.do?value(risyunen)=2017&value(semekikn)=1&value(kougicd)=AN316&value(crclumcd)=
GRL4840,卒業論文(制作)･卒業論文(制作)指導演習,副島　博彦井出　万秀前田　良三坂本　貴志シュヴァルツ,他,/timetable/slbssbdr.do?value(risyunen)=2017&value(semekikn)=1&value(kougicd)=AN771&value(crclumcd)=
